symbol,bidPrice,bidQty,askPrice,askQty
ETHBTC,0.06767000,2.97000000,0.06768200,0.76600000
LTCBTC,0.00462100,118.79000000,0.00462600,0.62000000
BNBBTC,0.00879000,2.28000000,0.00879100,1.35000000
NEOBTC,0.00134000,734.68000000,0.00134200,249.83000000
QTUMETH,0.00399900,240.55000000,0.00402900,240.55000000
EOSETH,0.00204800,10.78000000,0.00205500,961.72000000
SNTETH,0.00003533,1094.00000000,0.00003574,23771.00000000
BNTETH,0.00174000,234.30000000,0.00175400,505.16000000
BCCBTC,0.00000000,0.00000000,0.00000000,0.00000000
GASBTC,0.00022470,22.45000000,0.00022500,3.21000000
BNBETH,0.12983000,7.28500000,0.12997000,13.00000000
BTCUSDT,38751.08000000,0.03699800,38755.73000000,0.13396300
ETHUSDT,2622.28000000,1.52905000,2622.30000000,0.75291000
HSRBTC,0.00000000,0.00000000,0.00000000,0.00000000
OAXETH,0.00000000,0.00000000,0.00000000,0.00000000
DNTETH,0.00000000,0.00000000,0.00000000,0.00000000
MCOETH,0.00000000,0.00000000,0.00000000,0.00000000
ICNETH,0.00000000,0.00000000,0.00000000,0.00000000
MCOBTC,0.00000000,0.00000000,0.00000000,0.00000000
WTCBTC,0.00002129,99.32000000,0.00002130,18.10000000
WTCETH,0.00000000,0.00000000,0.00000000,0.00000000
LRCBTC,0.00000848,3901.00000000,0.00000851,8526.00000000
LRCETH,0.00012533,1820.00000000,0.00012600,1803.00000000
QTUMBTC,0.00027100,70.88000000,0.00027110,1.70000000
YOYOBTC,0.00000042,1070899.00000000,0.00000043,1170444.00000000
OMGBTC,0.00016550,1669.00000000,0.00016570,7.38000000
OMGETH,0.00244200,2740.55000000,0.00245400,1060.63000000
ZRXBTC,0.00002509,590.00000000,0.00002512,1070.00000000
ZRXETH,0.00037016,676.00000000,0.00037384,955.00000000
STRATBTC,0.00000000,0.00000000,0.00000000,0.00000000
STRATETH,0.00000000,0.00000000,0.00000000,0.00000000
SNGLSBTC,0.00000026,1370527.00000000,0.00000027,5486736.00000000
SNGLSETH,0.00000000,0.00000000,0.00000000,0.00000000
BQXBTC,0.00006351,66.00000000,0.00006360,51.00000000
BQXETH,0.00093540,353.00000000,0.00094010,100.00000000
KNCBTC,0.00004421,124.00000000,0.00004428,749.00000000
KNCETH,0.00065230,5269.00000000,0.00065760,2147.00000000
FUNBTC,0.00000057,3821661.00000000,0.00000058,6015989.00000000
FUNETH,0.00000849,758498.00000000,0.00000852,464349.00000000
SNMBTC,0.00000643,1156.50000000,0.00000651,20.00000000
SNMETH,0.00000000,0.00000000,0.00000000,0.00000000
NEOETH,0.01979600,28.84000000,0.01982800,188.45000000
IOTABTC,0.00002781,7100.00000000,0.00002786,65.00000000
IOTAETH,0.00041001,10611.00000000,0.00041197,9639.00000000
LINKBTC,0.00065560,1.40000000,0.00065605,387.70000000
LINKETH,0.00968100,768.56000000,0.00969100,19.03000000
XVGBTC,0.00000067,3306955.00000000,0.00000068,679375.00000000
XVGETH,0.00000997,10000.00000000,0.00000999,36487.00000000
SALTBTC,0.00000000,0.00000000,0.00000000,0.00000000
SALTETH,0.00000000,0.00000000,0.00000000,0.00000000
MDABTC,0.00002148,27.00000000,0.00002149,18.00000000
MDAETH,0.00000000,0.00000000,0.00000000,0.00000000
MTLBTC,0.00006000,13.00000000,0.00006005,110.00000000
MTLETH,0.00088500,450.00000000,0.00088900,2985.14000000
SUBBTC,0.00000000,0.00000000,0.00000000,0.00000000
SUBETH,0.00000000,0.00000000,0.00000000,0.00000000
EOSBTC,0.00013860,3763.09000000,0.00013880,3362.50000000
SNTBTC,0.00000239,24555.00000000,0.00000241,129828.00000000
ETCETH,0.02771300,9.03000000,0.02783900,1.30000000
ETCBTC,0.00187710,1.32000000,0.00188420,3.65000000
MTHBTC,0.00000060,500.00000000,0.00000061,347842.00000000
MTHETH,0.00000000,0.00000000,0.00000000,0.00000000
ENGBTC,0.00000000,0.00000000,0.00000000,0.00000000
ENGETH,0.00000000,0.00000000,0.00000000,0.00000000
DNTBTC,0.00000520,2552.00000000,0.00000522,5671.00000000
ZECBTC,0.00371000,19.47200000,0.00371400,7.38300000
ZECETH,0.05472000,11.59100000,0.05503000,48.05800000
BNTBTC,0.00011778,0.90000000,0.00011789,42.80000000
ASTBTC,0.00000535,779.00000000,0.00000538,12702.00000000
ASTETH,0.00000000,0.00000000,0.00000000,0.00000000
DASHBTC,0.00489300,67.37300000,0.00489800,50.00000000
DASHETH,0.07227000,90.87600000,0.07237000,8.95100000
OAXBTC,0.00000530,3156.00000000,0.00000533,5135.00000000
ICNBTC,0.00000000,0.00000000,0.00000000,0.00000000
BTGBTC,0.00156800,3.98000000,0.00157100,0.32000000
BTGETH,0.00000000,0.00000000,0.00000000,0.00000000
EVXBTC,0.00001506,227.00000000,0.00001509,228.00000000
EVXETH,0.00000000,0.00000000,0.00000000,0.00000000
REQBTC,0.00000193,12081.00000000,0.00000194,13681.00000000
REQETH,0.00000000,0.00000000,0.00000000,0.00000000
VIBBTC,0.00000117,183544.00000000,0.00000118,4185.00000000
VIBETH,0.00001741,1713.00000000,0.00001763,5207.00000000
HSRETH,0.00000000,0.00000000,0.00000000,0.00000000
TRXBTC,0.00000194,1039315.00000000,0.00000195,2592849.00000000
TRXETH,0.00002869,67632.00000000,0.00002872,702.00000000
POWRBTC,0.00000647,200.00000000,0.00000648,1094.00000000
POWRETH,0.00009538,16.00000000,0.00009622,4181.00000000
ARKBTC,0.00002899,797.00000000,0.00002906,1237.00000000
ARKETH,0.00000000,0.00000000,0.00000000,0.00000000
YOYOETH,0.00000000,0.00000000,0.00000000,0.00000000
XRPBTC,0.00002384,3004.00000000,0.00002385,32411.00000000
XRPETH,0.00035220,28.00000000,0.00035244,125.00000000
MODBTC,0.00000000,0.00000000,0.00000000,0.00000000
MODETH,0.00000000,0.00000000,0.00000000,0.00000000
ENJBTC,0.00003194,2430.00000000,0.00003197,856.00000000
ENJETH,0.00047167,4221.00000000,0.00047397,403.00000000
STORJBTC,0.00002786,1848.00000000,0.00002790,22.00000000
STORJETH,0.00000000,0.00000000,0.00000000,0.00000000
BNBUSDT,340.57000000,3.79000000,340.69000000,0.00020000
VENBNB,0.00000000,0.00000000,0.00000000,0.00000000
YOYOBNB,0.00000000,0.00000000,0.00000000,0.00000000
POWRBNB,0.00000000,0.00000000,0.00000000,0.00000000
VENBTC,0.00000000,0.00000000,0.00000000,0.00000000
VENETH,0.00000000,0.00000000,0.00000000,0.00000000
KMDBTC,0.00004149,31.79000000,0.00004159,31.75000000
KMDETH,0.00061300,600.00000000,0.00061500,500.00000000
NULSBNB,0.00000000,0.00000000,0.00000000,0.00000000
RCNBTC,0.00000166,6181.00000000,0.00000167,19152.00000000
RCNETH,0.00000000,0.00000000,0.00000000,0.00000000
RCNBNB,0.00000000,0.00000000,0.00000000,0.00000000
NULSBTC,0.00001410,1731.00000000,0.00001412,21.00000000
NULSETH,0.00000000,0.00000000,0.00000000,0.00000000
RDNBTC,0.00001277,3595.00000000,0.00001282,20.00000000
RDNETH,0.00000000,0.00000000,0.00000000,0.00000000
RDNBNB,0.00000000,0.00000000,0.00000000,0.00000000
XMRBTC,0.00644300,0.02700000,0.00644500,0.08000000
XMRETH,0.09509000,10.86700000,0.09548000,0.30500000
DLTBNB,0.00000000,0.00000000,0.00000000,0.00000000
WTCBNB,0.00240600,901.50000000,0.00243600,684.00000000
DLTBTC,0.00000228,53128.00000000,0.00000230,31757.00000000
DLTETH,0.00000000,0.00000000,0.00000000,0.00000000
AMBBTC,0.00000094,4206.00000000,0.00000095,805843.00000000
AMBETH,0.00000000,0.00000000,0.00000000,0.00000000
AMBBNB,0.00000000,0.00000000,0.00000000,0.00000000
BCCETH,0.00000000,0.00000000,0.00000000,0.00000000
BCCUSDT,0.00000000,0.00000000,0.00000000,0.00000000
BCCBNB,0.00000000,0.00000000,0.00000000,0.00000000
BATBTC,0.00001864,16945.00000000,0.00001866,2568.00000000
BATETH,0.00027494,226.00000000,0.00027600,220.00000000
BATBNB,0.00211900,2760.00000000,0.00212400,620.80000000
BCPTBTC,0.00000000,0.00000000,0.00000000,0.00000000
BCPTETH,0.00000000,0.00000000,0.00000000,0.00000000
BCPTBNB,0.00000000,0.00000000,0.00000000,0.00000000
ARNBTC,0.00000000,0.00000000,0.00000000,0.00000000
ARNETH,0.00000000,0.00000000,0.00000000,0.00000000
GVTBTC,0.00010950,33.23000000,0.00011010,34.41000000
GVTETH,0.00000000,0.00000000,0.00000000,0.00000000
CDTBTC,0.00000046,1829817.00000000,0.00000047,464608.00000000
CDTETH,0.00000688,72569.00000000,0.00000692,240625.00000000
GXSBTC,0.00001613,7500.00000000,0.00001616,79.00000000
GXSETH,0.00023750,11595.45000000,0.00023890,996.44000000
NEOUSDT,51.93300000,3.77200000,51.95300000,4.75700000
NEOBNB,0.15230000,213.77000000,0.15260000,0.36000000
POEBTC,0.00000000,0.00000000,0.00000000,0.00000000
POEETH,0.00000000,0.00000000,0.00000000,0.00000000
QSPBTC,0.00000104,2917.00000000,0.00000105,16271.00000000
QSPETH,0.00001525,3642.00000000,0.00001544,1440.00000000
QSPBNB,0.00000000,0.00000000,0.00000000,0.00000000
BTSBTC,0.00000142,38038.00000000,0.00000143,220711.00000000
BTSETH,0.00000000,0.00000000,0.00000000,0.00000000
BTSBNB,0.00000000,0.00000000,0.00000000,0.00000000
XZCBTC,0.00000000,0.00000000,0.00000000,0.00000000
XZCETH,0.00000000,0.00000000,0.00000000,0.00000000
XZCBNB,0.00000000,0.00000000,0.00000000,0.00000000
LSKBTC,0.00009790,9.64000000,0.00009800,21.81000000
LSKETH,0.00144200,2399.79000000,0.00145400,468.30000000
LSKBNB,0.00000000,0.00000000,0.00000000,0.00000000
TNTBTC,0.00000000,0.00000000,0.00000000,0.00000000
TNTETH,0.00000000,0.00000000,0.00000000,0.00000000
FUELBTC,0.00000000,0.00000000,0.00000000,0.00000000
FUELETH,0.00000000,0.00000000,0.00000000,0.00000000
MANABTC,0.00001965,512.00000000,0.00001968,3280.00000000
MANAETH,0.00029033,6.00000000,0.00029226,12392.00000000
BCDBTC,0.00007430,206.00000000,0.00007465,954.00000000
BCDETH,0.00000000,0.00000000,0.00000000,0.00000000
DGDBTC,0.00000000,0.00000000,0.00000000,0.00000000
DGDETH,0.00000000,0.00000000,0.00000000,0.00000000
IOTABNB,0.00315500,8975.50000000,0.00316800,742.20000000
ADXBTC,0.00002428,1297.00000000,0.00002437,21.00000000
ADXETH,0.00035820,1474.00000000,0.00036240,4792.00000000
ADXBNB,0.00000000,0.00000000,0.00000000,0.00000000
ADABTC,0.00003989,3526.00000000,0.00003990,1453.00000000
ADAETH,0.00058949,12.00000000,0.00058993,18908.00000000
PPTBTC,0.00005940,511.00000000,0.00005975,1679.00000000
PPTETH,0.00000000,0.00000000,0.00000000,0.00000000
CMTBTC,0.00000000,0.00000000,0.00000000,0.00000000
CMTETH,0.00000000,0.00000000,0.00000000,0.00000000
CMTBNB,0.00000000,0.00000000,0.00000000,0.00000000
XLMBTC,0.00001113,18915.00000000,0.00001114,68700.00000000
XLMETH,0.00016437,37416.00000000,0.00016469,33120.00000000
XLMBNB,0.00126200,25177.00000000,0.00126800,52427.00000000
CNDBTC,0.00000041,2089415.00000000,0.00000042,595122.00000000
CNDETH,0.00000000,0.00000000,0.00000000,0.00000000
CNDBNB,0.00000000,0.00000000,0.00000000,0.00000000
LENDBTC,0.00000000,0.00000000,0.00000000,0.00000000
LENDETH,0.00000000,0.00000000,0.00000000,0.00000000
WABIBTC,0.00000592,3248.00000000,0.00000596,5625.00000000
WABIETH,0.00000000,0.00000000,0.00000000,0.00000000
WABIBNB,0.00067500,658.00000000,0.00068000,2175.00000000
LTCETH,0.06821000,0.40300000,0.06840000,110.39000000
LTCUSDT,179.11000000,1.63431000,179.14000000,0.87412000
LTCBNB,0.52510000,0.28200000,0.52590000,0.11000000
TNBBTC,0.00000000,0.00000000,0.00000000,0.00000000
TNBETH,0.00000000,0.00000000,0.00000000,0.00000000
WAVESBTC,0.00043420,22.28000000,0.00043470,290.00000000
WAVESETH,0.00641500,407.36000000,0.00642800,503.37000000
WAVESBNB,0.04927000,219.30000000,0.04951000,1.50000000
GTOBTC,0.00000075,1408945.00000000,0.00000076,746945.00000000
GTOETH,0.00000000,0.00000000,0.00000000,0.00000000
GTOBNB,0.00000000,0.00000000,0.00000000,0.00000000
ICXBTC,0.00002983,5181.00000000,0.00002989,3500.00000000
ICXETH,0.00044100,352.05000000,0.00044300,5588.31000000
ICXBNB,0.00338400,569.30000000,0.00340700,251.60000000
OSTBTC,0.00000044,9243703.00000000,0.00000045,619587.00000000
OSTETH,0.00000659,137461.00000000,0.00000666,1279.00000000
OSTBNB,0.00000000,0.00000000,0.00000000,0.00000000
ELFBTC,0.00000656,1789.00000000,0.00000659,10906.00000000
ELFETH,0.00009697,1000.00000000,0.00009740,554.00000000
AIONBTC,0.00000526,6767.00000000,0.00000528,95.00000000
AIONETH,0.00007700,23469.12000000,0.00007800,135112.22000000
AIONBNB,0.00000000,0.00000000,0.00000000,0.00000000
NEBLBTC,0.00003520,277.00000000,0.00003527,22.00000000
NEBLETH,0.00051900,107.04000000,0.00052600,337.01000000
NEBLBNB,0.00000000,0.00000000,0.00000000,0.00000000
BRDBTC,0.00000467,929.00000000,0.00000468,13762.00000000
BRDETH,0.00006910,1959.00000000,0.00006960,803.00000000
BRDBNB,0.00000000,0.00000000,0.00000000,0.00000000
MCOBNB,0.00000000,0.00000000,0.00000000,0.00000000
EDOBTC,0.00000000,0.00000000,0.00000000,0.00000000
EDOETH,0.00000000,0.00000000,0.00000000,0.00000000
WINGSBTC,0.00000000,0.00000000,0.00000000,0.00000000
WINGSETH,0.00000000,0.00000000,0.00000000,0.00000000
NAVBTC,0.00000796,75.00000000,0.00000798,751.00000000
NAVETH,0.00011770,3089.00000000,0.00011840,998.00000000
NAVBNB,0.00000000,0.00000000,0.00000000,0.00000000
LUNBTC,0.00000000,0.00000000,0.00000000,0.00000000
LUNETH,0.00000000,0.00000000,0.00000000,0.00000000
TRIGBTC,0.00000000,0.00000000,0.00000000,0.00000000
TRIGETH,0.00000000,0.00000000,0.00000000,0.00000000
TRIGBNB,0.00000000,0.00000000,0.00000000,0.00000000
APPCBTC,0.00000211,22814.00000000,0.00000214,659.00000000
APPCETH,0.00000000,0.00000000,0.00000000,0.00000000
APPCBNB,0.00000000,0.00000000,0.00000000,0.00000000
VIBEBTC,0.00000000,0.00000000,0.00000000,0.00000000
VIBEETH,0.00000000,0.00000000,0.00000000,0.00000000
RLCBTC,0.00014860,24.00000000,0.00014895,13.00000000
RLCETH,0.00219400,2.99000000,0.00220300,8.09000000
RLCBNB,0.00000000,0.00000000,0.00000000,0.00000000
INSBTC,0.00000000,0.00000000,0.00000000,0.00000000
INSETH,0.00000000,0.00000000,0.00000000,0.00000000
PIVXBTC,0.00002244,93.00000000,0.00002259,74.00000000
PIVXETH,0.00033170,500.00000000,0.00033530,379.35000000
PIVXBNB,0.00000000,0.00000000,0.00000000,0.00000000
IOSTBTC,0.00000085,336421.00000000,0.00000086,3732567.00000000
IOSTETH,0.00001257,205785.00000000,0.00001260,60000.00000000
CHATBTC,0.00000000,0.00000000,0.00000000,0.00000000
CHATETH,0.00000000,0.00000000,0.00000000,0.00000000
STEEMBTC,0.00001446,340.00000000,0.00001449,208.00000000
STEEMETH,0.00021350,133.31000000,0.00021470,23.73000000
STEEMBNB,0.00000000,0.00000000,0.00000000,0.00000000
NANOBTC,0.00019380,28.20000000,0.00019420,11.00000000
NANOETH,0.00286200,14.75000000,0.00287600,3.56000000
NANOBNB,0.00000000,0.00000000,0.00000000,0.00000000
VIABTC,0.00002115,9.00000000,0.00002128,36.00000000
VIAETH,0.00000000,0.00000000,0.00000000,0.00000000
VIABNB,0.00000000,0.00000000,0.00000000,0.00000000
BLZBTC,0.00000493,26215.00000000,0.00000494,3523.00000000
BLZETH,0.00007250,766.00000000,0.00007314,78.00000000
BLZBNB,0.00055800,507.00000000,0.00056100,417.00000000
AEBTC,0.00000000,0.00000000,0.00000000,0.00000000
AEETH,0.00000000,0.00000000,0.00000000,0.00000000
AEBNB,0.00000000,0.00000000,0.00000000,0.00000000
RPXBTC,0.00000000,0.00000000,0.00000000,0.00000000
RPXETH,0.00000000,0.00000000,0.00000000,0.00000000
RPXBNB,0.00000000,0.00000000,0.00000000,0.00000000
NCASHBTC,0.00000000,0.00000000,0.00000000,0.00000000
NCASHETH,0.00000153,380431.00000000,0.00000155,797082.00000000
NCASHBNB,0.00000000,0.00000000,0.00000000,0.00000000
POABTC,0.00000091,8128.00000000,0.00000092,8531.00000000
POAETH,0.00000000,0.00000000,0.00000000,0.00000000
POABNB,0.00000000,0.00000000,0.00000000,0.00000000
ZILBTC,0.00000271,30810.00000000,0.00000272,188149.00000000
ZILETH,0.00004003,563.00000000,0.00004008,86443.00000000
ZILBNB,0.00030780,5839.00000000,0.00030910,5935.00000000
ONTBTC,0.00002864,4757.47000000,0.00002870,115.17000000
ONTETH,0.00042200,31030.45000000,0.00042400,1000.00000000
ONTBNB,0.00324200,4119.20000000,0.00327200,214.00000000
STORMBTC,0.00000000,0.00000000,0.00000000,0.00000000
STORMETH,0.00000000,0.00000000,0.00000000,0.00000000
STORMBNB,0.00000000,0.00000000,0.00000000,0.00000000
QTUMBNB,0.00000000,0.00000000,0.00000000,0.00000000
QTUMUSDT,10.50200000,85.00000000,10.51700000,29.75000000
XEMBTC,0.00000482,26890.00000000,0.00000483,25304.00000000
XEMETH,0.00007116,61826.00000000,0.00007137,24550.00000000
XEMBNB,0.00000000,0.00000000,0.00000000,0.00000000
WANBTC,0.00002292,17.00000000,0.00002298,34.00000000
WANETH,0.00033850,690.68000000,0.00034000,7437.56000000
WANBNB,0.00259600,184.80000000,0.00262000,40.10000000
WPRBTC,0.00000057,9870.00000000,0.00000059,842421.00000000
WPRETH,0.00000000,0.00000000,0.00000000,0.00000000
QLCBTC,0.00000090,100977.00000000,0.00000091,282231.00000000
QLCETH,0.00001327,5395.00000000,0.00001346,15599.00000000
SYSBTC,0.00000528,95.00000000,0.00000529,50.00000000
SYSETH,0.00000000,0.00000000,0.00000000,0.00000000
SYSBNB,0.00000000,0.00000000,0.00000000,0.00000000
QLCBNB,0.00000000,0.00000000,0.00000000,0.00000000
GRSBTC,0.00002716,97.00000000,0.00002726,11.00000000
GRSETH,0.00000000,0.00000000,0.00000000,0.00000000
ADAUSDT,1.54590000,845.27000000,1.54630000,8097.08000000
ADABNB,0.00453200,14140.00000000,0.00453800,39.00000000
CLOAKBTC,0.00000000,0.00000000,0.00000000,0.00000000
CLOAKETH,0.00000000,0.00000000,0.00000000,0.00000000
GNTBTC,0.00000000,0.00000000,0.00000000,0.00000000
GNTETH,0.00000000,0.00000000,0.00000000,0.00000000
GNTBNB,0.00000000,0.00000000,0.00000000,0.00000000
LOOMBTC,0.00000222,42470.00000000,0.00000223,2145.00000000
LOOMETH,0.00003288,202.00000000,0.00003307,12307.00000000
LOOMBNB,0.00000000,0.00000000,0.00000000,0.00000000
XRPUSDT,0.92350000,2866.29000000,0.92370000,0.89000000
BCNBTC,0.00000000,0.00000000,0.00000000,0.00000000
BCNETH,0.00000700,3458.00000000,0.00000000,0.00000000
BCNBNB,0.00000000,0.00000000,0.00000000,0.00000000
REPBTC,0.00063860,0.15700000,0.00064100,9.39800000
REPETH,0.00939000,3.14400000,0.00951000,0.96000000
REPBNB,0.00000000,0.00000000,0.00000000,0.00000000
BTCTUSD,38748.82000000,0.06118200,38869.92000000,0.08213300
TUSDBTC,0.00000000,0.00000000,0.00000000,0.00000000
ETHTUSD,2620.79000000,0.70127000,2630.46000000,0.99000000
TUSDETH,0.00000000,0.00000000,0.00000000,0.00000000
TUSDBNB,0.00000000,0.00000000,0.00000000,0.00000000
ZENBTC,0.00273480,6.48000000,0.00274180,40.94000000
ZENETH,0.04045000,0.00300000,0.04059000,46.40400000
ZENBNB,0.31110000,1.33000000,0.31290000,123.23000000
SKYBTC,0.00003830,9.00000000,0.00003852,281.00000000
SKYETH,0.00000000,0.00000000,0.00000000,0.00000000
SKYBNB,0.00000000,0.00000000,0.00000000,0.00000000
EOSUSDT,5.37400000,372.16000000,5.37550000,121.19000000
EOSBNB,0.01576000,2593.87000000,0.01580000,2622.48000000
CVCBTC,0.00000819,15945.00000000,0.00000822,3638.00000000
CVCETH,0.00012076,3140.00000000,0.00012236,2483.00000000
CVCBNB,0.00000000,0.00000000,0.00000000,0.00000000
THETABTC,0.00017050,50.00000000,0.00017069,50.00000000
THETAETH,0.00251690,76.00000000,0.00252280,2204.00000000
THETABNB,0.01935500,20.00000000,0.01943700,2973.00000000
XRPBNB,0.00270800,19.60000000,0.00271700,3020.00000000
TUSDUSDT,0.99840000,154010.27000000,0.99850000,518.96000000
IOTAUSDT,1.07760000,32.43000000,1.07780000,527.95000000
XLMUSDT,0.43136000,2245.90000000,0.43153000,1592.00000000
IOTXBTC,0.00000089,86048.00000000,0.00000090,790839.00000000
IOTXETH,0.00001315,228359.00000000,0.00001320,15000.00000000
QKCBTC,0.00000046,321226.00000000,0.00000047,3451658.00000000
QKCETH,0.00000680,3204.00000000,0.00000684,314042.00000000
AGIBTC,0.00000605,101.00000000,0.00000606,331.00000000
AGIETH,0.00000000,0.00000000,0.00000000,0.00000000
AGIBNB,0.00000000,0.00000000,0.00000000,0.00000000
NXSBTC,0.00002001,686.00000000,0.00002008,189.00000000
NXSETH,0.00000000,0.00000000,0.00000000,0.00000000
NXSBNB,0.00000000,0.00000000,0.00000000,0.00000000
ENJBNB,0.00362000,3495.00000000,0.00364600,4426.00000000
DATABTC,0.00000197,59263.00000000,0.00000198,104.00000000
DATAETH,0.00002918,274.00000000,0.00002936,1692.00000000
ONTUSDT,1.11070000,999.08000000,1.11120000,272.16000000
TRXBNB,0.00022080,253176.00000000,0.00022110,275245.00000000
TRXUSDT,0.07527000,1618.00000000,0.07528000,17129.20000000
ETCUSDT,72.92900000,2.93400000,72.97000000,15.23200000
ETCBNB,0.21298000,9.04000000,0.21440000,2.51000000
ICXUSDT,1.15660000,44.48000000,1.15850000,95.44000000
SCBTC,0.00000044,78001175.00000000,0.00000045,3912440.00000000
SCETH,0.00000664,642455.00000000,0.00000665,424383.00000000
SCBNB,0.00005100,7133.00000000,0.00005120,32741.00000000
NPXSBTC,0.00000000,0.00000000,0.00000000,0.00000000
NPXSETH,0.00000000,0.00000000,0.00000000,0.00000000
VENUSDT,0.00000000,0.00000000,0.00000000,0.00000000
KEYBTC,0.00000000,0.00000000,0.00000000,0.00000000
KEYETH,0.00000304,202456.00000000,0.00000307,984148.00000000
NASBTC,0.00001280,10283.24000000,0.00001290,1827.78000000
NASETH,0.00019020,168.69000000,0.00019150,1954.40000000
NASBNB,0.00000000,0.00000000,0.00000000,0.00000000
MFTBTC,0.00000000,0.00000000,0.00000000,0.00000000
MFTETH,0.00000363,13760.00000000,0.00000365,50000.00000000
MFTBNB,0.00002806,166.00000000,0.00002824,34135.00000000
DENTBTC,0.00000000,0.00000000,0.00000000,0.00000000
DENTETH,0.00000141,16204060.00000000,0.00000143,2366302.00000000
ARDRBTC,0.00000596,84.00000000,0.00000597,19500.00000000
ARDRETH,0.00000000,0.00000000,0.00000000,0.00000000
ARDRBNB,0.00000000,0.00000000,0.00000000,0.00000000
NULSUSDT,0.54620000,530.00000000,0.54700000,64.28000000
HOTBTC,0.00000000,0.00000000,0.00000000,0.00000000
HOTETH,0.00000284,3120669.00000000,0.00000286,230322.00000000
VETBTC,0.00000289,1405454.00000000,0.00000290,220979.00000000
VETETH,0.00004281,532.00000000,0.00004288,149684.00000000
VETUSDT,0.11228000,99116.00000000,0.11237000,3464.50000000
VETBNB,0.00032910,174213.00000000,0.00032990,1167.00000000
DOCKBTC,0.00000126,1361629.00000000,0.00000127,77079.00000000
DOCKETH,0.00000000,0.00000000,0.00000000,0.00000000
POLYBTC,0.00000618,15691.00000000,0.00000622,3905.00000000
POLYBNB,0.00000000,0.00000000,0.00000000,0.00000000
PHXBTC,0.00000000,0.00000000,0.00000000,0.00000000
PHXETH,0.00000000,0.00000000,0.00000000,0.00000000
PHXBNB,0.00000000,0.00000000,0.00000000,0.00000000
HCBTC,0.00000000,0.00000000,0.00000000,0.00000000
HCETH,0.00000000,0.00000000,0.00000000,0.00000000
GOBTC,0.00000077,170716.00000000,0.00000078,150.00000000
GOBNB,0.00000000,0.00000000,0.00000000,0.00000000
PAXBTC,0.00000000,0.00000000,0.00000000,0.00000000
PAXBNB,0.00000000,0.00000000,0.00000000,0.00000000
PAXUSDT,0.99830000,632229.31000000,0.99840000,101424.37000000
PAXETH,0.00000000,0.00000000,0.00000000,0.00000000
RVNBTC,0.00000204,147935.00000000,0.00000205,89537.00000000
RVNBNB,0.00023190,652.00000000,0.00023320,2308.00000000
DCRBTC,0.00338000,7.09100000,0.00339100,1.50000000
DCRBNB,0.00000000,0.00000000,0.00000000,0.00000000
USDCBNB,0.00000000,0.00000000,0.00000000,0.00000000
MITHBTC,0.00000123,263109.00000000,0.00000124,4708.00000000
MITHBNB,0.00014000,114817.00000000,0.00014100,380.00000000
BCHABCBTC,0.00000000,0.00000000,0.00000000,0.00000000
BCHSVBTC,0.00000000,0.00000000,0.00000000,0.00000000
BCHABCUSDT,0.00000000,0.00000000,0.00000000,0.00000000
BCHSVUSDT,0.00000000,0.00000000,0.00000000,0.00000000
BNBPAX,334.72000000,10.00000000,343.29000000,13.21890000
BTCPAX,38787.25000000,0.06441700,38819.91000000,0.06442000
ETHPAX,2623.55000000,0.76174000,2632.37000000,1.30416000
XRPPAX,0.92270000,712.63000000,0.93300000,1509.10000000
EOSPAX,0.00000000,0.00000000,0.00000000,0.00000000
XLMPAX,0.00000000,0.00000000,0.00000000,0.00000000
RENBTC,0.00001215,20095.00000000,0.00001218,746.00000000
RENBNB,0.00000000,0.00000000,0.00000000,0.00000000
BNBTUSD,340.39000000,1.93400000,342.02000000,13.07600000
XRPTUSD,0.92360000,5820.48000000,0.93010000,20768.52000000
EOSTUSD,5.36210000,279.42000000,5.39060000,302.69000000
XLMTUSD,0.00000000,0.00000000,0.00000000,0.00000000
BNBUSDC,340.92000000,57.70090000,341.68000000,70.70090000
BTCUSDC,38820.00000000,0.11097800,38844.29000000,0.02148700
ETHUSDC,2624.78000000,6.40786000,2626.67000000,0.46786000
XRPUSDC,0.92540000,1087.00000000,0.92670000,665.00000000
EOSUSDC,5.38020000,200.00000000,5.40050000,300.00000000
XLMUSDC,0.00000000,0.00000000,0.00000000,0.00000000
USDCUSDT,0.99830000,1267427.63000000,0.99840000,39306.71000000
ADATUSD,1.54430000,195.89000000,1.55530000,425.95000000
TRXTUSD,0.07516000,8740.30000000,0.07562000,146.90000000
NEOTUSD,0.00000000,0.00000000,0.00000000,0.00000000
TRXXRP,0.08134000,71.30000000,0.08151000,6633.10000000
XZCXRP,0.00000000,0.00000000,0.00000000,0.00000000
PAXTUSD,0.00000000,0.00000000,0.00000000,0.00000000
USDCTUSD,0.00000000,0.00000000,0.00000000,0.00000000
USDCPAX,0.00000000,0.00000000,0.00000000,0.00000000
LINKUSDT,25.41800000,0.00900000,25.41900000,429.88900000
LINKTUSD,25.38400000,14.04500000,25.59900000,25.95700000
LINKPAX,0.00000000,0.00000000,0.00000000,0.00000000
LINKUSDC,25.40300000,39.60000000,25.49500000,38.87000000
WAVESUSDT,16.83200000,3.05900000,16.85400000,3.26000000
WAVESTUSD,0.00000000,0.00000000,0.00000000,0.00000000
WAVESPAX,0.00000000,0.00000000,0.00000000,0.00000000
WAVESUSDC,0.00000000,0.00000000,0.00000000,0.00000000
BCHABCTUSD,0.00000000,0.00000000,0.00000000,0.00000000
BCHABCPAX,0.00000000,0.00000000,0.00000000,0.00000000
BCHABCUSDC,0.00000000,0.00000000,0.00000000,0.00000000
BCHSVTUSD,0.00000000,0.00000000,0.00000000,0.00000000
BCHSVPAX,0.00000000,0.00000000,0.00000000,0.00000000
BCHSVUSDC,0.00000000,0.00000000,0.00000000,0.00000000
LTCTUSD,179.29000000,0.11000000,180.35000000,3.67408000
LTCPAX,178.08000000,3.67488000,179.95000000,3.67488000
LTCUSDC,179.21000000,110.40269000,179.77000000,43.52480000
TRXPAX,0.07509000,8740.30000000,0.07570000,155.50000000
TRXUSDC,0.07530000,220858.30000000,0.07549000,26520.40000000
BTTBTC,0.00000000,0.00000000,0.00000000,0.00000000
BTTBNB,0.00001097,167462.00000000,0.00001101,2314568.00000000
BTTUSDT,0.00373900,24273.00000000,0.00374090,298908.00000000
BNBUSDS,0.00000000,0.00000000,0.00000000,0.00000000
BTCUSDS,0.00000000,0.00000000,0.00000000,0.00000000
USDSUSDT,0.00000000,0.00000000,0.00000000,0.00000000
USDSPAX,0.00000000,0.00000000,0.00000000,0.00000000
USDSTUSD,0.00000000,0.00000000,0.00000000,0.00000000
USDSUSDC,0.00000000,0.00000000,0.00000000,0.00000000
BTTPAX,0.00000000,0.00000000,0.00000000,0.00000000
BTTTUSD,0.00373860,1491385.00000000,0.00377740,2942006.00000000
BTTUSDC,0.00373370,144565.00000000,0.00376710,175927.00000000
ONGBNB,0.00000000,0.00000000,0.00000000,0.00000000
ONGBTC,0.00002233,8.00000000,0.00002238,88.00000000
ONGUSDT,0.86390000,310.81000000,0.86810000,3638.00000000
HOTBNB,0.00002186,897612.00000000,0.00002201,9210.00000000
HOTUSDT,0.00747100,155150.00000000,0.00747900,155150.00000000
ZILUSDT,0.10509000,3000.00000000,0.10510000,13514.80000000
ZRXBNB,0.00000000,0.00000000,0.00000000,0.00000000
ZRXUSDT,0.97320000,370.95000000,0.97430000,924.32000000
FETBNB,0.00082900,14364.00000000,0.00083300,742.00000000
FETBTC,0.00000731,4859.00000000,0.00000732,35095.00000000
FETUSDT,0.28306000,957.20000000,0.28371000,5609.50000000
BATUSDT,0.72240000,2383.51000000,0.72310000,1356.26000000
XMRBNB,0.73100000,59.03500000,0.73500000,2.18200000
XMRUSDT,249.69000000,28.20864000,249.75000000,4.86414000
ZECBNB,0.42100000,4.57900000,0.42290000,0.25900000
ZECUSDT,143.82000000,0.63570000,143.86000000,0.69401000
ZECPAX,0.00000000,0.00000000,0.00000000,0.00000000
ZECTUSD,0.00000000,0.00000000,0.00000000,0.00000000
ZECUSDC,143.38000000,28.11149000,144.82000000,24.86028000
IOSTBNB,0.00009670,306960.00000000,0.00009740,26966.00000000
IOSTUSDT,0.03297100,59420.00000000,0.03300400,13100.00000000
CELRBNB,0.00010810,124915.00000000,0.00010880,209056.00000000
CELRBTC,0.00000095,844618.00000000,0.00000096,341067.00000000
CELRUSDT,0.03696000,765.10000000,0.03700000,156830.40000000
ADAPAX,0.00000000,0.00000000,0.00000000,0.00000000
ADAUSDC,1.54520000,5384.27000000,1.55020000,25634.45000000
NEOPAX,0.00000000,0.00000000,0.00000000,0.00000000
NEOUSDC,51.87800000,13.11800000,52.17000000,112.58200000
DASHBNB,0.55540000,5.63100000,0.55840000,1.65900000
DASHUSDT,189.75000000,8.21870000,189.85000000,0.80720000
NANOUSDT,7.50560000,12.35000000,7.53970000,30.22000000
OMGBNB,0.00000000,0.00000000,0.00000000,0.00000000
OMGUSDT,6.41500000,3.11000000,6.41990000,3.11000000
THETAUSDT,6.61100000,32.02800000,6.61300000,118.05200000
ENJUSDT,1.23780000,2633.93000000,1.23900000,1060.54000000
MITHUSDT,0.04791000,2929.00000000,0.04812000,7702.10000000
MATICBNB,0.00526180,305.00000000,0.00526600,12.00000000
MATICBTC,0.00004628,90.00000000,0.00004631,42.00000000
MATICUSDT,1.79396000,103.20000000,1.79481000,504.90000000
ATOMBNB,0.04088000,78.24000000,0.04107000,78.52000000
ATOMBTC,0.00036000,2.35000000,0.00036060,152.55000000
ATOMUSDT,13.95000000,50.00000000,13.96700000,26.50600000
ATOMUSDC,13.94700000,679.74700000,14.04800000,182.18100000
ATOMPAX,0.00000000,0.00000000,0.00000000,0.00000000
ATOMTUSD,0.00000000,0.00000000,0.00000000,0.00000000
ETCUSDC,0.00000000,0.00000000,0.00000000,0.00000000
ETCPAX,0.00000000,0.00000000,0.00000000,0.00000000
ETCTUSD,0.00000000,0.00000000,0.00000000,0.00000000
BATUSDC,0.72130000,333.65000000,0.72640000,5058.42000000
BATPAX,0.00000000,0.00000000,0.00000000,0.00000000
BATTUSD,0.00000000,0.00000000,0.00000000,0.00000000
PHBBNB,0.00000000,0.00000000,0.00000000,0.00000000
PHBBTC,0.00000024,9815961.00000000,0.00000025,8792012.00000000
PHBUSDC,0.00000000,0.00000000,0.00000000,0.00000000
PHBTUSD,0.00952000,2764.80000000,0.00955000,3994.20000000
PHBPAX,0.00000000,0.00000000,0.00000000,0.00000000
TFUELBNB,0.00000000,0.00000000,0.00000000,0.00000000
TFUELBTC,0.00000690,6131.00000000,0.00000693,36.00000000
TFUELUSDT,0.26739000,18868.60000000,0.26887000,12699.60000000
TFUELUSDC,0.00000000,0.00000000,0.00000000,0.00000000
TFUELTUSD,0.00000000,0.00000000,0.00000000,0.00000000
TFUELPAX,0.00000000,0.00000000,0.00000000,0.00000000
ONEBNB,0.00032490,423.00000000,0.00032620,10379.00000000
ONEBTC,0.00000286,595.00000000,0.00000287,84600.00000000
ONEUSDT,0.11085000,298.80000000,0.11092000,319.00000000
ONETUSD,0.00000000,0.00000000,0.00000000,0.00000000
ONEPAX,0.00000000,0.00000000,0.00000000,0.00000000
ONEUSDC,0.00000000,0.00000000,0.00000000,0.00000000
FTMBNB,0.00100400,13.00000000,0.00100800,7517.00000000
FTMBTC,0.00000881,20702.00000000,0.00000885,5345.00000000
FTMUSDT,0.34194000,12000.00000000,0.34278000,211.80000000
FTMTUSD,0.00000000,0.00000000,0.00000000,0.00000000
FTMPAX,0.00000000,0.00000000,0.00000000,0.00000000
FTMUSDC,0.00000000,0.00000000,0.00000000,0.00000000
BTCBBTC,0.00000000,0.00000000,0.00000000,0.00000000
BCPTTUSD,0.00000000,0.00000000,0.00000000,0.00000000
BCPTPAX,0.00000000,0.00000000,0.00000000,0.00000000
BCPTUSDC,0.00000000,0.00000000,0.00000000,0.00000000
ALGOBNB,0.00284600,3482.30000000,0.00286000,7269.00000000
ALGOBTC,0.00002506,12648.00000000,0.00002510,7740.00000000
ALGOUSDT,0.97200000,100.00000000,0.97280000,993.79000000
ALGOTUSD,0.97010000,663.05000000,0.97680000,677.96000000
ALGOPAX,0.00000000,0.00000000,0.00000000,0.00000000
ALGOUSDC,0.00000000,0.00000000,0.00000000,0.00000000
USDSBUSDT,0.00000000,0.00000000,0.00000000,0.00000000
USDSBUSDS,0.00000000,0.00000000,0.00000000,0.00000000
GTOUSDT,0.02920000,4478.80000000,0.02930000,39426.10000000
GTOPAX,0.00000000,0.00000000,0.00000000,0.00000000
GTOTUSD,0.00000000,0.00000000,0.00000000,0.00000000
GTOUSDC,0.00000000,0.00000000,0.00000000,0.00000000
ERDBNB,0.00000000,0.00000000,0.00000000,0.00000000
ERDBTC,0.00000000,0.00000000,0.00000000,0.00000000
ERDUSDT,0.00000000,0.00000000,0.00000000,0.00000000
ERDPAX,0.00000000,0.00000000,0.00000000,0.00000000
ERDUSDC,0.00000000,0.00000000,0.00000000,0.00000000
DOGEBNB,0.00000000,0.00000000,0.00000000,0.00000000
DOGEBTC,0.00000911,268785.00000000,0.00000912,23.00000000
DOGEUSDT,0.35354000,16698.40000000,0.35361000,6785.60000000
DOGEPAX,0.00000000,0.00000000,0.00000000,0.00000000
DOGEUSDC,0.00000000,0.00000000,0.00000000,0.00000000
DUSKBNB,0.00000000,0.00000000,0.00000000,0.00000000
DUSKBTC,0.00000327,2112.00000000,0.00000328,27424.00000000
DUSKUSDT,0.12690000,1246.21000000,0.12740000,1938.96000000
DUSKUSDC,0.00000000,0.00000000,0.00000000,0.00000000
DUSKPAX,0.00000000,0.00000000,0.00000000,0.00000000
BGBPUSDC,0.00000000,0.00000000,0.00000000,0.00000000
ANKRBNB,0.00032280,18469.00000000,0.00032500,617.00000000
ANKRBTC,0.00000285,7176.00000000,0.00000286,215748.00000000
ANKRUSDT,0.11051000,359.90000000,0.11063000,8082.90000000
ANKRTUSD,0.00000000,0.00000000,0.00000000,0.00000000
ANKRPAX,0.00000000,0.00000000,0.00000000,0.00000000
ANKRUSDC,0.00000000,0.00000000,0.00000000,0.00000000
ONTPAX,0.00000000,0.00000000,0.00000000,0.00000000
ONTUSDC,0.00000000,0.00000000,0.00000000,0.00000000
WINBNB,0.00000153,21216145.00000000,0.00000155,64754722.00000000
WINBTC,0.00000000,0.00000000,0.00000000,0.00000000
WINUSDT,0.00052520,363372.00000000,0.00052570,106961.00000000
WINUSDC,0.00052490,1253858.00000000,0.00053040,9074564.00000000
COSBNB,0.00004053,1251.00000000,0.00004067,43519.00000000
COSBTC,0.00000035,6517864.00000000,0.00000036,4035409.00000000
COSUSDT,0.01384000,41510.70000000,0.01385000,59065.30000000
TUSDBTUSD,0.00000000,0.00000000,0.00000000,0.00000000
NPXSUSDT,0.00000000,0.00000000,0.00000000,0.00000000
NPXSUSDC,0.00000000,0.00000000,0.00000000,0.00000000
COCOSBNB,0.00124200,104.70000000,0.00124900,450.50000000
COCOSBTC,0.00000000,0.00000000,0.00000000,0.00000000
COCOSUSDT,0.42200000,3052.28000000,0.42470000,749.48000000
MTLUSDT,2.31950000,21.06000000,2.32790000,51.70000000
TOMOBNB,0.00000000,0.00000000,0.00000000,0.00000000
TOMOBTC,0.00004082,117.00000000,0.00004090,39.00000000
TOMOUSDT,1.58390000,14.89000000,1.58590000,52.35000000
TOMOUSDC,0.00000000,0.00000000,0.00000000,0.00000000
PERLBNB,0.00016140,3080.00000000,0.00016280,3534.00000000
PERLBTC,0.00000142,3489.00000000,0.00000144,778144.00000000
PERLUSDC,0.00000000,0.00000000,0.00000000,0.00000000
PERLUSDT,0.05500000,13225.20000000,0.05532000,1300.00000000
DENTUSDT,0.00371130,134220.00000000,0.00372520,11797.00000000
MFTUSDT,0.00955300,132269.00000000,0.00959200,126.00000000
KEYUSDT,0.00799100,8672.00000000,0.00801800,11686.00000000
STORMUSDT,0.00000000,0.00000000,0.00000000,0.00000000
DOCKUSDT,0.04881500,8144.00000000,0.04900200,37647.00000000
WANUSDT,0.89010000,1392.81000000,0.89100000,421.69000000
FUNUSDT,0.02223300,14826.00000000,0.02230600,1237.00000000
CVCUSDT,0.31788000,480.60000000,0.31873000,1000.00000000
BTTTRX,0.04959000,3153.20000000,0.04979000,226295.00000000
WINTRX,0.00698000,33020220.00000000,0.00699000,6530536.10000000
CHZBNB,0.00073380,1295.00000000,0.00073650,1245.00000000
CHZBTC,0.00000645,27008.00000000,0.00000646,42785.00000000
CHZUSDT,0.25038000,1756.50000000,0.25039000,484.00000000
BANDBNB,0.02379000,221.20000000,0.02387000,39.50000000
BANDBTC,0.00020914,42.40000000,0.00020955,6.80000000
BANDUSDT,8.10900000,75.00000000,8.12000000,10.23200000
BNBBUSD,341.11000000,0.03640000,341.40000000,0.08790000
BTCBUSD,38811.36000000,0.00038500,38813.20000000,0.02235700
BUSDUSDT,0.99850000,8984460.63000000,0.99860000,5479890.32000000
BEAMBNB,0.00000000,0.00000000,0.00000000,0.00000000
BEAMBTC,0.00001726,1321.86000000,0.00001732,500.00000000
BEAMUSDT,0.67010000,576.75000000,0.67180000,28.88000000
XTZBNB,0.01037000,1114.30000000,0.01043000,1664.80000000
XTZBTC,0.00009140,7.00000000,0.00009150,9146.16000000
XTZUSDT,3.54280000,4.41000000,3.54400000,1041.70000000
RENUSDT,0.47130000,314.60000000,0.47211000,500.00000000
RVNUSDT,0.07909000,2000.00000000,0.07921000,901.40000000
HCUSDT,0.00000000,0.00000000,0.00000000,0.00000000
HBARBNB,0.00074230,117.00000000,0.00074590,317.00000000
HBARBTC,0.00000654,89.00000000,0.00000655,65694.00000000
HBARUSDT,0.25322000,9840.20000000,0.25341000,3152.00000000
NKNBNB,0.00000000,0.00000000,0.00000000,0.00000000
NKNBTC,0.00000836,8940.00000000,0.00000840,18059.00000000
NKNUSDT,0.32465000,1738.90000000,0.32507000,231.70000000
XRPBUSD,0.92500000,756.26000000,0.92590000,113.68000000
ETHBUSD,2626.12000000,0.76240000,2626.15000000,0.07437000
BCHABCBUSD,0.00000000,0.00000000,0.00000000,0.00000000
LTCBUSD,179.42000000,0.10000000,179.61000000,9.88929000
LINKBUSD,25.43900000,31.06500000,25.48700000,597.35100000
ETCBUSD,72.81300000,13.54000000,73.04800000,0.05000000
STXBNB,0.00306700,474.80000000,0.00309400,1009.60000000
STXBTC,0.00002718,152.00000000,0.00002721,2033.00000000
STXUSDT,1.05180000,350.00000000,1.05490000,4068.66000000
KAVABNB,0.00937000,1460.90000000,0.00942000,12.00000000
KAVABTC,0.00008255,199.50000000,0.00008261,1.70000000
KAVAUSDT,3.20000000,230.77000000,3.20470000,28.47000000
BUSDNGN,460.49000000,354.77000000,476.85000000,66.28000000
BNBNGN,21700.00000000,0.02500000,48565.00000000,0.05300000
BTCNGN,34333387.00000000,0.00011500,34497954.00000000,0.00335900
ARPABNB,0.00012070,4273.00000000,0.00012120,2784.00000000
ARPABTC,0.00000106,1275000.00000000,0.00000107,286439.00000000
ARPAUSDT,0.04115000,1482.50000000,0.04120000,18814.90000000
TRXBUSD,0.07538000,265.30000000,0.07543000,48858.20000000
EOSBUSD,5.37790000,342.44000000,5.38840000,4849.56000000
IOTXUSDT,0.03452100,20650.00000000,0.03463100,20650.00000000
RLCUSDT,5.75980000,27.38000000,5.76510000,2.79000000
MCOUSDT,0.00000000,0.00000000,0.00000000,0.00000000
XLMBUSD,0.43189000,1593.40000000,0.43220000,1226.70000000
ADABUSD,1.54800000,949.64000000,1.54880000,13550.50000000
CTXCBNB,0.00000000,0.00000000,0.00000000,0.00000000
CTXCBTC,0.00000439,11739.00000000,0.00000441,3092.00000000
CTXCUSDT,0.17050000,1199.76000000,0.17100000,172.47000000
BCHBNB,2.12200000,27.19600000,2.12700000,0.08000000
BCHBTC,0.01868500,0.17100000,0.01870400,0.17100000
BCHUSDT,724.21000000,0.13912000,724.25000000,0.23027000
BCHUSDC,724.59000000,24.86885000,726.52000000,0.15449000
BCHTUSD,717.16000000,4.71300000,738.70000000,0.09700000
BCHPAX,704.50000000,1.90406000,746.91000000,0.07000000
BCHBUSD,725.03000000,0.13205000,725.69000000,0.13863000
BTCRUB,2884124.00000000,0.03257200,2886370.00000000,0.00854900
ETHRUB,194979.00000000,1.85615000,195364.80000000,0.65553000
XRPRUB,68.69000000,576.90000000,69.01000000,2901.10000000
BNBRUB,25312.44000000,0.00700000,25408.50000000,1.80300000
TROYBNB,0.00002771,4539.00000000,0.00002794,10323.00000000
TROYBTC,0.00000024,32384774.00000000,0.00000025,20702218.00000000
TROYUSDT,0.00947000,2638.00000000,0.00948300,24237.00000000
BUSDRUB,74.32000000,96.90000000,74.32200000,5325.10000000
QTUMBUSD,10.50700000,1.33000000,10.53800000,70.00000000
VETBUSD,0.11245000,292.70000000,0.11257000,127348.70000000
VITEBNB,0.00000000,0.00000000,0.00000000,0.00000000
VITEBTC,0.00000262,35408.00000000,0.00000264,19123.00000000
VITEUSDT,0.10201000,558.50000000,0.10247000,2100.00000000
FTTBNB,0.09700000,169.24000000,0.09730000,0.54000000
FTTBTC,0.00085420,136.44000000,0.00085650,65.34000000
FTTUSDT,33.12100000,2.19400000,33.18700000,60.55100000
BTCTRY,327938.00000000,0.51217300,328422.00000000,0.48929400
BNBTRY,2882.00000000,40.07100000,2887.00000000,6.96500000
BUSDTRY,8.45000000,226994.88000000,8.46000000,49618.28000000
ETHTRY,22201.00000000,2.71242700,22208.00000000,10.00755200
XRPTRY,7.81800000,22976.77000000,7.83300000,4106.05000000
USDTTRY,8.46800000,74783.05000000,8.46900000,154538.58000000
USDTRUB,74.38200000,182.00000000,74.42500000,45.50000000
BTCEUR,31949.77000000,0.02354500,31952.34000000,0.88609100
ETHEUR,2161.90000000,0.40000000,2161.99000000,0.31163000
BNBEUR,280.74000000,0.79750000,281.19000000,33.17000000
XRPEUR,0.76130000,229.39000000,0.76240000,20258.13000000
EURBUSD,1.21450000,10729.57000000,1.21460000,18915.98000000
EURUSDT,1.21300000,37758.60000000,1.21310000,137039.15000000
OGNBNB,0.00197700,5311.20000000,0.00198800,77.40000000
OGNBTC,0.00001744,5087.00000000,0.00001750,1712.00000000
OGNUSDT,0.67600000,1021.01000000,0.67770000,88.39000000
DREPBNB,0.00000000,0.00000000,0.00000000,0.00000000
DREPBTC,0.00001356,273.80000000,0.00001367,342.80000000
DREPUSDT,0.52700000,1200.71500000,0.52900000,596.55000000
BULLUSDT,0.00000000,0.00000000,0.00000000,0.00000000
BULLBUSD,0.00000000,0.00000000,0.00000000,0.00000000
BEARUSDT,0.00000000,0.00000000,0.00000000,0.00000000
BEARBUSD,0.00000000,0.00000000,0.00000000,0.00000000
ETHBULLUSDT,0.00000000,0.00000000,0.00000000,0.00000000
ETHBULLBUSD,0.00000000,0.00000000,0.00000000,0.00000000
ETHBEARUSDT,0.00000000,0.00000000,0.00000000,0.00000000
ETHBEARBUSD,0.00000000,0.00000000,0.00000000,0.00000000
TCTBNB,0.00000000,0.00000000,0.00000000,0.00000000
TCTBTC,0.00000074,341059.00000000,0.00000075,392500.00000000
TCTUSDT,0.02885900,561.00000000,0.02896000,3499.00000000
WRXBNB,0.00461500,3964.00000000,0.00465200,2574.00000000
WRXBTC,0.00004060,3666.00000000,0.00004074,29.00000000
WRXUSDT,1.57650000,442.67000000,1.58050000,809.44000000
ICXBUSD,1.15850000,312.06000000,1.16080000,587.17000000
BTSUSDT,0.05507000,15205.20000000,0.05517000,8287.20000000
BTSBUSD,0.00000000,0.00000000,0.00000000,0.00000000
LSKUSDT,3.79020000,64.41000000,3.79670000,13.88000000
BNTUSDT,4.56320000,93.87000000,4.56830000,5.55000000
BNTBUSD,4.56950000,6.32000000,4.58930000,96.57000000
LTOBNB,0.00000000,0.00000000,0.00000000,0.00000000
LTOBTC,0.00000555,250.00000000,0.00000556,90089.00000000
LTOUSDT,0.21490000,658.80000000,0.21536000,933.40000000
ATOMBUSD,13.96700000,0.78400000,13.99400000,1.00000000
DASHBUSD,189.95000000,99.45776000,190.24000000,0.29690000
NEOBUSD,52.00100000,7.86300000,52.09400000,8.08900000
WAVESBUSD,16.84300000,713.97100000,16.87200000,10.48200000
XTZBUSD,3.54600000,202.96000000,3.55240000,3204.86000000
EOSBULLUSDT,0.00000000,0.00000000,0.00000000,0.00000000
EOSBULLBUSD,0.00000000,0.00000000,0.00000000,0.00000000
EOSBEARUSDT,0.00000000,0.00000000,0.00000000,0.00000000
EOSBEARBUSD,0.00000000,0.00000000,0.00000000,0.00000000
XRPBULLUSDT,0.00000000,0.00000000,0.00000000,0.00000000
XRPBULLBUSD,0.00000000,0.00000000,0.00000000,0.00000000
XRPBEARUSDT,0.00000000,0.00000000,0.00000000,0.00000000
XRPBEARBUSD,0.00000000,0.00000000,0.00000000,0.00000000
BATBUSD,0.72340000,226.73000000,0.72500000,6846.60000000
ENJBUSD,1.23850000,11.29000000,1.24130000,254.36000000
NANOBUSD,7.51580000,1.85000000,7.55290000,14.83000000
ONTBUSD,1.11190000,12.58000000,1.11370000,13947.38000000
RVNBUSD,0.07928000,3000.00000000,0.07951000,176.30000000
STRATBUSD,0.00000000,0.00000000,0.00000000,0.00000000
STRATBNB,0.00000000,0.00000000,0.00000000,0.00000000
STRATUSDT,0.00000000,0.00000000,0.00000000,0.00000000
AIONBUSD,0.00000000,0.00000000,0.00000000,0.00000000
AIONUSDT,0.20380000,851.20000000,0.20430000,504.80000000
MBLBNB,0.00002734,15837.00000000,0.00002751,16155.00000000
MBLBTC,0.00000000,0.00000000,0.00000000,0.00000000
MBLUSDT,0.00934200,65218.00000000,0.00937800,61424.00000000
COTIBNB,0.00062200,45207.00000000,0.00062810,11362.00000000
COTIBTC,0.00000549,34878.00000000,0.00000551,558.00000000
COTIUSDT,0.21301000,40.70000000,0.21353000,2000.00000000
ALGOBUSD,0.97370000,3984.00000000,0.97550000,3229.54000000
BTTBUSD,0.00374340,83119.00000000,0.00375070,387225.00000000
TOMOBUSD,1.58100000,50.00000000,1.58910000,2308.44000000
XMRBUSD,249.66000000,0.31115000,250.21000000,0.04422000
ZECBUSD,143.99000000,0.62504000,144.31000000,42.35241000
BNBBULLUSDT,0.00000000,0.00000000,0.00000000,0.00000000
BNBBULLBUSD,0.00000000,0.00000000,0.00000000,0.00000000
BNBBEARUSDT,0.00000000,0.00000000,0.00000000,0.00000000
BNBBEARBUSD,0.00000000,0.00000000,0.00000000,0.00000000
STPTBNB,0.00000000,0.00000000,0.00000000,0.00000000
STPTBTC,0.00000137,184557.00000000,0.00000139,141227.00000000
STPTUSDT,0.05335000,32155.70000000,0.05376000,2290.40000000
BTCZAR,0.00000000,0.00000000,0.00000000,0.00000000
ETHZAR,0.00000000,0.00000000,0.00000000,0.00000000
BNBZAR,0.00000000,0.00000000,0.00000000,0.00000000
USDTZAR,0.00000000,0.00000000,0.00000000,0.00000000
BUSDZAR,0.00000000,0.00000000,0.00000000,0.00000000
BTCBKRW,0.00000000,0.00000000,0.00000000,0.00000000
ETHBKRW,0.00000000,0.00000000,0.00000000,0.00000000
BNBBKRW,0.00000000,0.00000000,0.00000000,0.00000000
WTCUSDT,0.82310000,1035.27000000,0.82710000,231.11000000
DATABUSD,0.07636000,3346.00000000,0.07712000,182.40000000
DATAUSDT,0.07651000,2126.40000000,0.07700000,310.70000000
XZCUSDT,0.00000000,0.00000000,0.00000000,0.00000000
SOLBNB,0.09172000,811.10000000,0.09201000,259.50000000
SOLBTC,0.00080657,544.00000000,0.00080799,3.30000000
SOLUSDT,31.27500000,15.33600000,31.29400000,30.59400000
SOLBUSD,31.31900000,1.16400000,31.34500000,10.70000000
BTCIDRT,566429609.00,0.00104600,572103989.00,0.00113700
BNBIDRT,5001229.00,6.73700000,5043015.00,17.76500000
USDTIDRT,14732.00,258.40000000,14752.00,572.41000000
BUSDIDRT,0.00,0.00000000,0.00,0.00000000
CTSIBTC,0.00001876,24.00000000,0.00001879,400.00000000
CTSIUSDT,0.72449000,931.40000000,0.72805000,201.80000000
CTSIBNB,0.00212700,34.00000000,0.00213700,34.00000000
CTSIBUSD,0.72704000,50.50000000,0.72999000,64.60000000
HIVEBNB,0.00000000,0.00000000,0.00000000,0.00000000
HIVEBTC,0.00001288,872.00000000,0.00001291,1007.00000000
HIVEUSDT,0.49900000,370.12000000,0.50030000,39.43000000
CHRBNB,0.00048180,2145.00000000,0.00048250,8232.00000000
CHRBTC,0.00000423,21321.00000000,0.00000425,8820.00000000
CHRUSDT,0.16419000,1986.70000000,0.16440000,307.60000000
BTCUPUSDT,63.59700000,503.60000000,63.79500000,22.03000000
BTCDOWNUSDT,0.05412000,20000.00000000,0.05422000,1220749.29000000
GXSUSDT,0.62470000,222.64000000,0.62680000,190.00000000
ARDRUSDT,0.23085000,1.90000000,0.23134000,2512.20000000
ERDBUSD,0.00000000,0.00000000,0.00000000,0.00000000
LENDUSDT,0.00000000,0.00000000,0.00000000,0.00000000
HBARBUSD,0.25371000,526.60000000,0.25436000,1856.30000000
MATICBUSD,1.79565000,365.40000000,1.79826000,170.30000000
WRXBUSD,1.57710000,3043.13000000,1.58330000,376.09000000
ZILBUSD,0.10515000,6197.30000000,0.10542000,60701.90000000
MDTBNB,0.00000000,0.00000000,0.00000000,0.00000000
MDTBTC,0.00000086,451530.00000000,0.00000087,45520.00000000
MDTUSDT,0.03340000,3515.80000000,0.03341000,104890.40000000
STMXBNB,0.00007550,4194.00000000,0.00007630,114504.00000000
STMXBTC,0.00000066,5321965.00000000,0.00000067,149292.00000000
STMXETH,0.00000982,81993.00000000,0.00000990,489714.00000000
STMXUSDT,0.02577700,10000.00000000,0.02586600,10000.00000000
KNCBUSD,1.71500000,2040.68200000,1.72100000,954.66500000
KNCUSDT,1.71400000,427.06800000,1.71600000,648.50800000
REPBUSD,0.00000000,0.00000000,0.00000000,0.00000000
REPUSDT,24.72100000,1.72100000,24.80000000,40.72200000
LRCBUSD,0.32944000,42.40000000,0.33037000,6501.90000000
LRCUSDT,0.32901000,12158.50000000,0.32969000,5029.00000000
IQBNB,0.00003648,1835.00000000,0.00003665,61592.00000000
IQBUSD,0.01251600,16968.00000000,0.01256700,79545.00000000
PNTBTC,0.00002582,2219.00000000,0.00002602,48.00000000
PNTUSDT,1.00380000,1138.19000000,1.00940000,195.42000000
BTCGBP,27482.47000000,0.03429900,27499.01000000,0.04130000
ETHGBP,1860.33000000,0.07551000,1861.07000000,0.05968000
XRPGBP,0.65529000,3969.30000000,0.65658000,214.10000000
BNBGBP,241.60000000,16.72900000,241.93000000,16.72900000
GBPBUSD,1.41140000,8820.49000000,1.41150000,78262.36000000
DGBBNB,0.00020890,14611.00000000,0.00020940,20548.00000000
DGBBTC,0.00000183,67043.00000000,0.00000184,5682.00000000
DGBBUSD,0.07117000,1264.50000000,0.07141000,196.30000000
BTCUAH,1079945.00000000,0.08220500,1082477.00000000,0.09637100
USDTUAH,27.89800000,55.40000000,27.89900000,23994.00000000
COMPBTC,0.01085400,0.04500000,0.01086400,0.20000000
COMPBNB,0.00000000,0.00000000,0.00000000,0.00000000
COMPBUSD,420.90000000,0.03321000,421.89000000,0.49306000
COMPUSDT,420.47000000,0.14705000,421.12000000,2.00000000
BTCBIDR,572704178.00,0.09770200,573951872.00,0.28258700
ETHBIDR,38759265.00,0.10012000,38821963.00,4.67410000
BNBBIDR,5033357.00,57.63500000,5050823.00,11.96100000
BUSDBIDR,14765.00,16.25000000,14770.00,2.22000000
USDTBIDR,14790.00,50.00000000,14791.00,14081.19000000
BKRWUSDT,0.00000000,0.00000000,0.00000000,0.00000000
BKRWBUSD,0.00000000,0.00000000,0.00000000,0.00000000
SCUSDT,0.01740400,2956.00000000,0.01743300,4880.00000000
ZENUSDT,106.08000000,7.09130000,106.27000000,1.32850000
SXPBTC,0.00005424,2.00000000,0.00005431,2140.00000000
SXPBNB,0.00617000,1498.00000000,0.00618000,21.30000000
SXPBUSD,2.10440000,25.00000000,2.10900000,886.07000000
SNXBTC,0.00036290,439.17000000,0.00036340,94.78000000
SNXBNB,0.04113000,29.25000000,0.04129000,2.45000000
SNXBUSD,14.05800000,23.81400000,14.09500000,7.00000000
SNXUSDT,14.07000000,0.00100000,14.08200000,5.81800000
ETHUPUSDT,60.64700000,13.16000000,60.78200000,13.16000000
ETHDOWNUSDT,0.00007900,231554252.66000000,0.00008000,127538635.87000000
ADAUPUSDT,101.86400000,0.87000000,102.04600000,162.36000000
ADADOWNUSDT,0.05300000,22140.97000000,0.05330000,43702.01000000
LINKUPUSDT,3.86900000,1825.51000000,3.87700000,309.23000000
LINKDOWNUSDT,0.34390000,300.00000000,0.34600000,93.33000000
VTHOBNB,0.00002831,258368.00000000,0.00002840,45727.00000000
VTHOBUSD,0.00000000,0.00000000,0.00000000,0.00000000
VTHOUSDT,0.00965400,18943.00000000,0.00967400,55023.00000000
DCRBUSD,0.00000000,0.00000000,0.00000000,0.00000000
DGBUSDT,0.07117000,23311.00000000,0.07129000,715.60000000
GBPUSDT,1.40930000,68672.68000000,1.40940000,97765.44000000
STORJBUSD,0.00000000,0.00000000,0.00000000,0.00000000
SXPUSDT,2.10300000,0.00100000,2.10400000,774.38300000
IRISBNB,0.00000000,0.00000000,0.00000000,0.00000000
IRISBTC,0.00000202,51937.00000000,0.00000203,87432.00000000
IRISBUSD,0.00000000,0.00000000,0.00000000,0.00000000
MKRBNB,11.74700000,0.50200000,11.80000000,0.01300000
MKRBTC,0.10360000,0.05400000,0.10377100,0.02500000
MKRUSDT,4018.57000000,0.00497000,4021.69000000,0.22097000
MKRBUSD,4021.40000000,0.00347000,4029.78000000,0.09749000
DAIBNB,0.00000000,0.00000000,0.00000000,0.00000000
DAIBTC,0.00000000,0.00000000,0.00000000,0.00000000
DAIUSDT,0.00000000,0.00000000,0.00000000,0.00000000
DAIBUSD,0.00000000,0.00000000,0.00000000,0.00000000
RUNEBNB,0.02855000,770.40000000,0.02861000,4.40000000
RUNEBTC,0.00025147,1.30000000,0.00025174,1094.50000000
RUNEBUSD,9.75100000,33.44200000,9.77400000,276.87100000
MANABUSD,0.76240000,18.34000000,0.76410000,3492.81000000
DOGEBUSD,0.35401000,56.50000000,0.35416000,56.50000000
LENDBUSD,0.00000000,0.00000000,0.00000000,0.00000000
ZRXBUSD,0.97300000,106.84000000,0.97700000,320.27000000
DCRUSDT,131.11000000,0.34690000,131.70000000,1.65700000
STORJUSDT,1.07920000,114.05000000,1.08210000,1177.00000000
XRPBKRW,0.00000000,0.00000000,0.00000000,0.00000000
ADABKRW,0.00000000,0.00000000,0.00000000,0.00000000
BTCAUD,50300.01000000,0.17500000,50426.35000000,0.50994500
ETHAUD,3407.48000000,5.12463000,3410.59000000,10.24926000
AUDBUSD,0.77041000,96784.70000000,0.77064000,47829.40000000
FIOBNB,0.00044560,9563.40000000,0.00045220,3576.00000000
FIOBTC,0.00000393,21303.00000000,0.00000396,9603.00000000
FIOBUSD,0.15220000,91.32000000,0.15450000,2010.55000000
BNBUPUSDT,339.25400000,0.54000000,341.16300000,2.33000000
BNBDOWNUSDT,4.47000000,55.56000000,4.48000000,1584.91000000
XTZUPUSDT,0.08100000,81367.52000000,0.08200000,16036.07000000
XTZDOWNUSDT,0.00215000,537923.62000000,0.00217000,328710.95000000
AVABNB,0.00907000,738.80000000,0.00915000,286.00000000
AVABTC,0.00008010,246.91000000,0.00008030,206.23000000
AVABUSD,3.10100000,44.50000000,3.12090000,1521.04000000
USDTBKRW,0.00000000,0.00000000,0.00000000,0.00000000
BUSDBKRW,0.00000000,0.00000000,0.00000000,0.00000000
IOTABUSD,1.07690000,18318.37000000,1.07990000,9.52000000
MANAUSDT,0.76180000,70.16000000,0.76240000,800.25000000
XRPAUD,1.20000000,50.00000000,1.20380000,141.19000000
BNBAUD,442.41000000,52.87770000,444.23000000,0.03730000
AUDUSDT,0.76953000,4497.30000000,0.76957000,2542.20000000
BALBNB,0.00000000,0.00000000,0.00000000,0.00000000
BALBTC,0.00080640,0.70000000,0.00080750,5.20000000
BALBUSD,31.19900000,0.44700000,31.36800000,9.21300000
YFIBNB,142.05000000,0.02760000,143.25000000,0.00730000
YFIBTC,1.25214000,0.00660000,1.25468000,0.01320000
YFIBUSD,48505.09000000,0.25014000,48742.20000000,0.00781000
YFIUSDT,48532.55000000,0.00201300,48607.82000000,0.01145400
BLZBUSD,0.00000000,0.00000000,0.00000000,0.00000000
KMDBUSD,0.00000000,0.00000000,0.00000000,0.00000000
BALUSDT,31.23100000,23.89000000,31.28700000,60.79800000
BLZUSDT,0.19093000,3841.00000000,0.19146000,948.20000000
IRISUSDT,0.07855000,636.40000000,0.07894000,644.00000000
KMDUSDT,1.60690000,49.35000000,1.61410000,370.25000000
BTCDAI,38734.44000000,0.92843400,38828.45000000,0.11321900
ETHDAI,2622.14000000,0.40250000,2625.21000000,0.40000000
BNBDAI,340.37000000,2.82410000,341.08000000,2.39370000
USDTDAI,1.00030000,16491.15000000,1.00040000,178847.39000000
BUSDDAI,0.99890000,44753.11000000,0.99900000,53093.80000000
JSTBNB,0.00019530,143700.00000000,0.00019650,3016.00000000
JSTBTC,0.00000171,201481.00000000,0.00000173,235513.00000000
JSTBUSD,0.06656000,209.50000000,0.06704000,64317.60000000
JSTUSDT,0.06664000,8078.20000000,0.06681000,3435.90000000
SRMBNB,0.01364100,18.00000000,0.01364700,22.00000000
SRMBTC,0.00011972,121.00000000,0.00011993,321.00000000
SRMBUSD,4.65120000,18.94000000,4.65840000,214.00000000
SRMUSDT,4.64250000,196.45000000,4.64710000,8.83000000
ANTBNB,0.01154000,1096.27000000,0.01165000,252.87000000
ANTBTC,0.00010170,655.80000000,0.00010220,4.92000000
ANTBUSD,3.95640000,3.53000000,3.96930000,100.94000000
ANTUSDT,3.95230000,67.01000000,3.96140000,151.41000000
CRVBNB,0.00467900,5793.59000000,0.00471000,1787.02000000
CRVBTC,0.00004130,407.55000000,0.00004134,2239.51000000
CRVBUSD,1.60200000,569.90700000,1.60600000,65.49100000
CRVUSDT,1.60100000,9344.38300000,1.60300000,2191.90500000
SANDBNB,0.00090620,1836.00000000,0.00091400,3638.00000000
SANDBTC,0.00000800,6559.00000000,0.00000802,13210.00000000
SANDUSDT,0.31028000,0.10000000,0.31060000,618.20000000
SANDBUSD,0.31030000,45.00000000,0.31144000,7019.70000000
OCEANBNB,0.00178500,5746.30000000,0.00179600,17195.30000000
OCEANBTC,0.00001573,621.00000000,0.00001576,93.00000000
OCEANBUSD,0.61060000,1170.28000000,0.61190000,1022.90000000
OCEANUSDT,0.60970000,78.10000000,0.61040000,65.55000000
NMRBNB,0.11870000,166.94000000,0.12030000,3.69000000
NMRBTC,0.00104800,54.21800000,0.00105300,3.00000000
NMRBUSD,40.68900000,3.21100000,40.86900000,1.00000000
NMRUSDT,40.64000000,28.82700000,40.78000000,1.00000000
DOTBNB,0.06669000,0.80000000,0.06677000,62.80000000
DOTBTC,0.00058673,1.30000000,0.00058700,587.90000000
DOTBUSD,22.75600000,6.33500000,22.78200000,4.17600000
DOTUSDT,22.73500000,7.55800000,22.73900000,6.88200000
LUNABNB,0.02071000,770.40000000,0.02080000,103.00000000
LUNABTC,0.00018215,460.00000000,0.00018248,0.80000000
LUNABUSD,7.08000000,51.97400000,7.09900000,0.32700000
LUNAUSDT,7.07000000,282.64500000,7.07500000,565.29000000
IDEXBTC,0.00000130,341840.00000000,0.00000131,3553.00000000
IDEXBUSD,0.05072000,69820.10000000,0.05099000,960.10000000
RSRBNB,0.00011690,88931.00000000,0.00011780,51684.00000000
RSRBTC,0.00000103,390206.00000000,0.00000104,173131.00000000
RSRBUSD,0.04005000,348.70000000,0.04013000,349.10000000
RSRUSDT,0.04001000,18761.40000000,0.04005000,6400.00000000
PAXGBNB,5.50100000,0.27600000,5.52000000,0.31300000
PAXGBTC,0.04841000,0.81840000,0.04848000,2.11400000
PAXGBUSD,0.00000000,0.00000000,0.00000000,0.00000000
PAXGUSDT,1877.00000000,1.06293000,1877.98000000,5.18722800
WNXMBNB,0.20526000,29.55000000,0.20750000,17.05600000
WNXMBTC,0.00180900,18.62000000,0.00182000,0.58800000
WNXMBUSD,0.00000000,0.00000000,0.00000000,0.00000000
WNXMUSDT,70.32500000,2.63300000,70.60000000,0.58300000
TRBBNB,0.00000000,0.00000000,0.00000000,0.00000000
TRBBTC,0.00136400,0.52300000,0.00136600,8.32500000
TRBBUSD,52.96100000,0.54600000,53.08600000,14.14800000
TRBUSDT,52.80500000,6.98000000,52.93900000,1.30900000
ETHNGN,767360.00000000,0.48933000,809990.00000000,0.02000000
DOTBIDR,335503.00,20.86400000,337248.00,17.66900000
LINKAUD,32.96400000,2.27000000,33.10300000,303.47000000
SXPAUD,2.72500000,266.90500000,2.74200000,131.43500000
BZRXBNB,0.00000000,0.00000000,0.00000000,0.00000000
BZRXBTC,0.00000755,625.00000000,0.00000756,4962.00000000
BZRXBUSD,0.29230000,300.00000000,0.29420000,1287.05000000
BZRXUSDT,0.29250000,2840.00000000,0.29320000,216.16000000
WBTCBTC,1.00079000,0.03139000,1.00094000,0.02996000
WBTCETH,14.77600000,0.01280000,14.79500000,0.02350000
SUSHIBNB,0.03482000,40.93000000,0.03484000,119.43000000
SUSHIBTC,0.00030620,0.72000000,0.00030650,137.99000000
SUSHIBUSD,11.88200000,89.62800000,11.89900000,561.75000000
SUSHIUSDT,11.87200000,213.36100000,11.88200000,60.00000000
YFIIBNB,5.46600000,0.26750000,5.49700000,0.80100000
YFIIBTC,0.04811000,0.24770000,0.04822000,0.80250000
YFIIBUSD,1867.00000000,0.48329900,1871.96000000,0.98245900
YFIIUSDT,1866.86000000,0.04044500,1869.24000000,0.02320500
KSMBNB,0.99020000,4.63000000,0.99480000,0.06000000
KSMBTC,0.00872500,11.12100000,0.00874600,0.38500000
KSMBUSD,338.12000000,0.13000000,339.42000000,0.04130000
KSMUSDT,338.30000000,3.65900000,338.72000000,0.05000000
EGLDBNB,0.29940000,6.74000000,0.30080000,0.30000000
EGLDBTC,0.00264100,18.90300000,0.00264600,12.01700000
EGLDBUSD,102.55000000,0.13630000,102.81000000,1.61800000
EGLDUSDT,102.41000000,4.50850000,102.54000000,2.98940000
DIABNB,0.00567500,1533.45000000,0.00575500,12.39000000
DIABTC,0.00005020,1948.72000000,0.00005040,99.54000000
DIABUSD,1.95300000,663.79000000,1.96000000,30.15200000
DIAUSDT,1.95200000,23.44000000,1.95500000,26.36200000
RUNEUSDT,9.74400000,319.10400000,9.75000000,38796.05800000
FIOUSDT,0.15280000,2395.00000000,0.15310000,2438.35000000
UMABTC,0.00036450,218.90500000,0.00036520,30.00000000
UMAUSDT,14.13600000,48.55000000,14.18100000,120.55300000
EOSUPUSDT,2.06900000,200.00000000,2.07200000,728.67000000
EOSDOWNUSDT,0.00137000,1890831.40000000,0.00139000,1947436.81000000
TRXUPUSDT,0.41700000,5159.12000000,0.41800000,14940.34000000
TRXDOWNUSDT,0.00123500,1163103.73000000,0.00124000,1163103.73000000
XRPUPUSDT,5.01000000,276.01000000,5.02400000,49.20000000
XRPDOWNUSDT,0.02032900,4394.85000000,0.02051100,731.31000000
DOTUPUSDT,13.04000000,1.15000000,13.08600000,196.59000000
DOTDOWNUSDT,0.01310000,4743691.97000000,0.01330000,207542.19000000
SRMBIDR,0.00,0.00000000,0.00,0.00000000
ONEBIDR,0.00,0.00000000,0.00,0.00000000
LINKTRY,214.90000000,768.56000000,215.50000000,42.62000000
USDTNGN,888.48000000,1265.69000000,890.20000000,87.75000000
BELBNB,0.00430000,34.70000000,0.00434000,191.50000000
BELBTC,0.00003800,113.00000000,0.00003806,8.00000000
BELBUSD,1.46990000,75.00000000,1.47580000,99.32000000
BELUSDT,1.47210000,419.00000000,1.47980000,90.00000000
WINGBNB,0.06640000,46.11000000,0.06730000,1.00000000
WINGBTC,0.00058700,69.15200000,0.00059000,0.30000000
SWRVBNB,0.00239300,97.75000000,0.00241200,7.83000000
SWRVBUSD,0.82500000,100.00000000,0.82700000,63.20000000
WINGBUSD,22.72700000,8.97200000,22.89600000,0.88500000
WINGUSDT,22.70300000,36.96900000,22.88600000,13.14900000
LTCUPUSDT,6.99300000,3.64000000,7.01500000,2419.33000000
LTCDOWNUSDT,0.00014700,2419625.19000000,0.00014800,1976135.67000000
LENDBKRW,0.00000000,0.00000000,0.00000000,0.00000000
SXPEUR,1.73400000,14.83800000,1.73600000,77.46700000
CREAMBNB,0.33760000,15.24000000,0.33950000,1.09000000
CREAMBUSD,115.65000000,7.52410000,116.03000000,0.13660000
UNIBNB,0.07147000,66.60000000,0.07171000,1.00000000
UNIBTC,0.00062932,333.10000000,0.00062968,0.30000000
UNIBUSD,24.42800000,797.55900000,24.45500000,0.19400000
UNIUSDT,24.40400000,0.01200000,24.41700000,13.59800000
NBSBTC,0.00000030,4571368.00000000,0.00000031,1187616.00000000
NBSUSDT,0.01183000,72963.60000000,0.01187000,154954.00000000
OXTBTC,0.00000953,54.00000000,0.00000956,102.00000000
OXTUSDT,0.36890000,22243.84000000,0.37060000,265.08000000
SUNBTC,0.00051700,866.34100000,0.00052000,8.70100000
SUNUSDT,20.12500000,2.55700000,20.16400000,3.74400000
AVAXBNB,0.05767000,262.60000000,0.05788000,36.80000000
AVAXBTC,0.00050833,3.00000000,0.00050881,181.90000000
AVAXBUSD,19.72100000,0.70800000,19.75500000,97.18200000
AVAXUSDT,19.70300000,6.25600000,19.71400000,56.17600000
HNTBTC,0.00034900,102.14000000,0.00035000,88.81000000
HNTUSDT,13.53900000,1.35300000,13.56300000,5.32100000
BAKEBNB,0.00982200,1070.00000000,0.00985800,3.00000000
BURGERBNB,0.01868000,12.40000000,0.01875000,25.40000000
SXPBIDR,31016.00,115.03000000,31194.00,113.90000000
LINKBKRW,0.00000000,0.00000000,0.00000000,0.00000000
FLMBNB,0.00000000,0.00000000,0.00000000,0.00000000
FLMBTC,0.00001246,225.00000000,0.00001247,16.00000000
FLMBUSD,0.48200000,28.88000000,0.48760000,40329.00000000
FLMUSDT,0.48290000,1248.18000000,0.48380000,936.27000000
SCRTBTC,0.00003984,3.00000000,0.00003986,395.00000000
SCRTETH,0.00058800,43.64000000,0.00059000,544.17000000
CAKEBNB,0.05191000,20.60000000,0.05200000,44.90000000
CAKEBUSD,17.73200000,7.91600000,17.74700000,50.00000000
SPARTABNB,0.00120500,13660.00000000,0.00120600,439.00000000
UNIUPUSDT,10.70800000,54.09000000,10.75700000,112.89000000
UNIDOWNUSDT,0.00033700,39715284.21000000,0.00033800,11500000.00000000
ORNBTC,0.00021300,197.69000000,0.00021420,30.00000000
ORNUSDT,8.28400000,50.09300000,8.30500000,120.73900000
TRXNGN,15.20000000,46.50000000,50.00000000,129.00000000
SXPTRY,17.80000000,2853.90000000,17.84000000,9161.18000000
UTKBTC,0.00000806,153.00000000,0.00000807,110.00000000
UTKUSDT,0.31250000,111.80000000,0.31330000,481.00000000
XVSBNB,0.11370000,306.80000000,0.11400000,6.90000000
XVSBTC,0.00100160,3.30000000,0.00100360,2.73000000
XVSBUSD,38.85300000,0.86900000,38.95900000,76.62400000
XVSUSDT,38.80600000,0.08000000,38.88400000,21.83300000
ALPHABNB,0.00265610,6439.00000000,0.00268300,967.00000000
ALPHABTC,0.00002345,1003.00000000,0.00002349,7.00000000
ALPHABUSD,0.91040000,15.35000000,0.91290000,10.99000000
ALPHAUSDT,0.90930000,875.97000000,0.91170000,709.44000000
VIDTBTC,0.00001197,79.00000000,0.00001200,15.00000000
VIDTBUSD,0.46330000,56.93000000,0.46640000,69.63000000
AAVEBNB,1.12530000,36.26000000,1.13110000,0.11000000
BTCBRL,208873.00000000,0.01914100,209002.00000000,0.41185800
USDTBRL,5.38200000,2215.73000000,5.39200000,3593.84000000
AAVEBTC,0.00991800,0.02000000,0.00992900,0.27000000
AAVEETH,0.14651000,0.00200000,0.14682000,11.26800000
AAVEBUSD,384.65000000,0.83900000,385.69000000,3.87200000
AAVEUSDT,384.26000000,1.55990000,384.62000000,1.26170000
AAVEBKRW,0.00000000,0.00000000,0.00000000,0.00000000
NEARBNB,0.00934000,1372.30000000,0.00939000,1196.60000000
NEARBTC,0.00008230,124.00000000,0.00008250,916.50000000
NEARBUSD,3.19230000,473.65000000,3.20310000,326.54000000
NEARUSDT,3.19000000,97.39000000,3.19480000,88.00000000
SXPUPUSDT,0.46450000,32.29000000,0.46750000,3200.00000000
SXPDOWNUSDT,4.13500000,132.55000000,4.16300000,4.12000000
DOTBKRW,0.00000000,0.00000000,0.00000000,0.00000000
SXPGBP,1.49000000,299.72000000,1.49520000,899.36000000
FILBNB,0.21251000,271.20000000,0.21330000,8.20000000
FILBTC,0.00187220,35.50000000,0.00187520,1.43000000
FILBUSD,72.70000000,0.19240000,72.83000000,42.16010000
FILUSDT,72.63000000,7.42580000,72.64000000,1.73420000
FILUPUSDT,4.55600000,153.29000000,4.58000000,150.00000000
FILDOWNUSDT,0.00431600,3475.44000000,0.00435100,913103.73000000
YFIUPUSDT,1.37900000,10.87000000,1.38600000,836.74000000
YFIDOWNUSDT,0.00002600,1275080284.52000000,0.00002700,573368677.61000000
INJBNB,0.02946000,18.90000000,0.02952000,67.10000000
INJBTC,0.00025844,36.50000000,0.00025959,123.80000000
INJBUSD,10.05900000,30.00000000,10.08000000,126.53000000
INJUSDT,10.04700000,29.95200000,10.06400000,117.70000000
AERGOBTC,0.00000498,7022.00000000,0.00000501,688.00000000
AERGOBUSD,0.19263000,236.30000000,0.19370000,385.90000000
LINKEUR,20.92600000,0.52300000,20.96300000,5.00000000
ONEBUSD,0.11093000,179.00000000,0.11127000,126.00000000
EASYETH,0.00000000,0.00000000,0.00000000,0.00000000
AUDIOBTC,0.00002896,55.00000000,0.00002897,57.00000000
AUDIOBUSD,1.12170000,162.45000000,1.12530000,1333.93000000
AUDIOUSDT,1.12050000,324.49000000,1.12290000,60.68000000
CTKBNB,0.00375400,21.00000000,0.00376200,9.50000000
CTKBTC,0.00003301,49.00000000,0.00003312,13.00000000
CTKBUSD,1.27650000,291.97000000,1.28420000,31.32000000
CTKUSDT,1.27930000,855.04000000,1.28240000,150.00000000
BCHUPUSDT,0.73100000,22395.18000000,0.73300000,43.67000000
BCHDOWNUSDT,0.72800000,117.05000000,0.73100000,91083.98000000
BOTBTC,0.00000000,0.00000000,0.00000000,0.00000000
BOTBUSD,0.00000000,0.00000000,0.00000000,0.00000000
ETHBRL,14120.00000000,0.02665000,14155.22000000,0.41858000
DOTEUR,18.74100000,4.62400000,18.78600000,550.70900000
AKROBTC,0.00000059,1471354.00000000,0.00000060,1223273.00000000
AKROUSDT,0.02305600,17671.00000000,0.02311300,15475.00000000
KP3RBNB,0.42560000,0.24800000,0.42600000,0.16100000
KP3RBUSD,143.17000000,1.67011000,143.74000000,0.00027000
AXSBNB,0.01204400,49.00000000,0.01217200,29.00000000
AXSBTC,0.00010606,92.00000000,0.00010676,605.00000000
AXSBUSD,4.13590000,3.37000000,4.15040000,719.76000000
AXSUSDT,4.12590000,385.59000000,4.13200000,708.95000000
HARDBNB,0.00177500,276.30000000,0.00179200,348.90000000
HARDBTC,0.00001566,9.80000000,0.00001571,86.50000000
HARDBUSD,0.60560000,40.01000000,0.61030000,71.41000000
HARDUSDT,0.60680000,66.37000000,0.60840000,34.64000000
BNBBRL,1833.96000000,0.02726000,1842.37000000,1.76205000
LTCEUR,147.64000000,3.39380000,147.94000000,22.91110000
RENBTCBTC,0.99003000,0.00138000,0.99420000,0.01093000
RENBTCETH,14.63800000,0.00041000,14.77200000,0.04874000
DNTBUSD,0.20037000,149.70000000,0.20210000,500.00000000
DNTUSDT,0.20140000,2100.00000000,0.20223000,1100.00000000
SLPETH,0.00004316,435.00000000,0.00004348,14152.00000000
ADAEUR,1.27450000,869.79000000,1.27570000,9117.92000000
LTCNGN,76565.00000000,0.14778000,255382.00000000,0.00200000
CVPETH,0.00044100,509.64000000,0.00044700,1038.28000000
CVPBUSD,1.15880000,63.83000000,1.17810000,50.69000000
STRAXBTC,0.00004399,37.60000000,0.00004410,79.90000000
STRAXETH,0.00064600,75.00000000,0.00065200,1466.61000000
STRAXBUSD,1.70500000,17.65000000,1.71250000,8.22000000
STRAXUSDT,1.70580000,10.00000000,1.70700000,10.00000000
FORBTC,0.00000098,127988.00000000,0.00000099,218081.00000000
FORBUSD,0.03823000,5525.60000000,0.03847000,1005.50000000
UNFIBNB,0.03154000,178.20000000,0.03200000,2.40000000
UNFIBTC,0.00027877,39.00000000,0.00028080,5.60000000
UNFIBUSD,10.81300000,8.50400000,10.95700000,100.51300000
UNFIUSDT,10.79200000,9.00700000,10.81000000,7.49100000
FRONTETH,0.00044150,371.00000000,0.00045030,82.00000000
FRONTBUSD,1.16300000,12.02000000,1.16640000,1000.00000000
BCHABUSD,17.25700000,35.08300000,17.49900000,9.18800000
ROSEBTC,0.00000175,143848.00000000,0.00000177,81882.00000000
ROSEBUSD,0.06827000,204.60000000,0.06852000,7090.80000000
ROSEUSDT,0.06813000,561.60000000,0.06822000,779.40000000
AVAXTRY,166.60000000,1100.81000000,167.20000000,114.34000000
BUSDBRL,5.38500000,5.80000000,5.38700000,2294.19000000
AVAUSDT,3.09710000,76.65000000,3.10800000,175.79000000
SYSBUSD,0.20384000,2277.40000000,0.20675000,300.00000000
XEMUSDT,0.18710000,14584.47000000,0.18730000,5935.94000000
HEGICETH,0.00004970,3531.00000000,0.00005000,2488.00000000
HEGICBUSD,0.13040000,6306.36000000,0.13060000,345.71000000
AAVEUPUSDT,3.95900000,7.57000000,3.96400000,21.61000000
AAVEDOWNUSDT,0.09470000,18000.00000000,0.09480000,101.40000000
PROMBNB,0.03626000,5.60000000,0.03648000,5.50000000
PROMBUSD,12.45200000,1.11200000,12.54100000,1.93500000
XRPBRL,4.97000000,5.15000000,4.99200000,2858.24000000
XRPNGN,165.00000000,5.15000000,350.00000000,3.20000000
SKLBTC,0.00000816,61.00000000,0.00000818,1822.00000000
SKLBUSD,0.31633000,474.10000000,0.31773000,44.10000000
SKLUSDT,0.31616000,2442.20000000,0.31677000,4066.00000000
BCHEUR,596.61000000,35.30967000,598.84000000,11.58874000
YFIEUR,39968.62000000,0.00961000,40106.04000000,0.02990500
ZILBIDR,1550.24,30117.00000000,1557.29,34019.00000000
SUSDBTC,0.00002575,133.00000000,0.00002577,8192.00000000
SUSDETH,0.00000000,0.00000000,0.00000000,0.00000000
SUSDUSDT,0.99640000,484.55000000,0.99870000,68.45000000
COVERETH,0.10570000,1.96010000,0.10710000,0.06760000
COVERBUSD,276.97000000,0.26121000,279.43000000,0.38353000
GLMBTC,0.00000774,1409.00000000,0.00000776,13.00000000
GLMETH,0.00011450,33808.00000000,0.00011560,21378.00000000
GHSTETH,0.00040820,29.00000000,0.00041020,17.00000000
GHSTBUSD,1.07000000,36.90000000,1.07530000,376.97000000
SUSHIUPUSDT,0.19900000,341514.97000000,0.20000000,79459.44000000
SUSHIDOWNUSDT,0.01326470,225000.00000000,0.01335210,4685.92000000
XLMUPUSDT,0.27500000,3711.58000000,0.27600000,106039.91000000
XLMDOWNUSDT,0.00032600,500000.00000000,0.00032700,45871.55000000
LINKBRL,136.90000000,79.86238000,137.19000000,235.05617000
LINKNGN,0.00000000,0.00000000,0.00000000,0.00000000
LTCRUB,13313.10000000,3.02630000,13360.00000000,2.37445000
TRXTRY,0.63750000,16569.00000000,0.63780000,7856.00000000
XLMEUR,0.35564000,8500.00000000,0.35635000,33077.50000000
DFETH,0.00008920,329.00000000,0.00009060,3559.00000000
DFBUSD,0.23550000,270.54000000,0.23590000,1448.27000000
GRTBTC,0.00002122,24719.00000000,0.00002129,300.00000000
GRTETH,0.00031312,303.00000000,0.00031510,91.00000000
GRTUSDT,0.82390000,122.57000000,0.82440000,428.03000000
JUVBTC,0.00025600,86.88000000,0.00025780,41.02000000
JUVBUSD,9.90400000,11.40200000,10.06200000,11.40300000
JUVUSDT,9.95100000,78.05100000,9.99600000,10.50200000
PSGBTC,0.00043560,57.44000000,0.00043670,15.89000000
PSGBUSD,16.90500000,450.57000000,16.99500000,810.95800000
PSGUSDT,16.91500000,2.96700000,16.93000000,18.00000000
BUSDBVND,24278.00,7324.27000000,24291.00,3228.66000000
USDTBVND,24309.00,3.19000000,24326.00,2905.24000000
1INCHBTC,0.00007482,250.00000000,0.00007501,6.30000000
1INCHUSDT,2.90310000,297.33000000,2.90600000,40.89000000
REEFBTC,0.00000065,1072097.00000000,0.00000066,5841951.00000000
REEFUSDT,0.02524900,16640.00000000,0.02525000,851.00000000
OGBTC,0.00015240,10.00000000,0.00015360,1609.24000000
OGUSDT,5.94500000,4.40300000,5.97200000,4.60600000
ATMBTC,0.00041950,1.09000000,0.00042190,3.96000000
ATMUSDT,16.28900000,2.78100000,16.36200000,3.15400000
ASRBTC,0.00015520,1.64000000,0.00015580,4.40000000
ASRUSDT,6.00000000,141.64100000,6.02900000,131.50300000
CELOBTC,0.00007902,100.00000000,0.00007929,3.40000000
CELOUSDT,3.06210000,236.77000000,3.07890000,14.90000000
RIFBTC,0.00000536,8055.00000000,0.00000538,435.00000000
RIFUSDT,0.20810000,247.18000000,0.20870000,1555.75000000
CHZTRY,2.11980000,250.00000000,2.12130000,76.00000000
XLMTRY,3.65200000,10787.75000000,3.65700000,74157.66000000
LINKGBP,18.00600000,725.96500000,18.07100000,22.84000000
GRTEUR,0.67880000,148.67000000,0.68040000,313.47000000
BTCSTBTC,0.00095180,9.20000000,0.00095510,1.46000000
BTCSTBUSD,36.97900000,8.74300000,37.18900000,0.28100000
BTCSTUSDT,37.00100000,11.99700000,37.11100000,6.50000000
TRUBTC,0.00001016,991.00000000,0.00001020,462.40000000
TRUBUSD,0.39530000,963.19000000,0.39560000,250.00000000
TRUUSDT,0.39430000,371.05000000,0.39490000,44.29000000
DEXEETH,0.00261800,0.35000000,0.00265700,600.00000000
DEXEBUSD,6.81300000,36.13600000,6.90400000,45.61200000
EOSEUR,4.43200000,22.56300000,4.43600000,41.06500000
LTCBRL,963.94000000,24.54833000,969.19000000,9.17515000
USDCBUSD,0.99990000,1727516.29000000,1.00000000,2733882.49000000
TUSDBUSD,0.99990000,118709.61000000,1.00000000,38449.89000000
PAXBUSD,0.99990000,70389.72000000,1.00010000,4936953.21000000
CKBBTC,0.00000040,212035.00000000,0.00000041,6471918.00000000
CKBBUSD,0.01548600,2082.00000000,0.01561300,47241.00000000
CKBUSDT,0.01558100,2054.00000000,0.01558700,93753.00000000
TWTBTC,0.00001356,3557.00000000,0.00001361,56.00000000
TWTBUSD,0.52630000,141.18000000,0.52840000,142.12000000
TWTUSDT,0.52600000,207.28000000,0.52710000,500.79000000
FIROBTC,0.00019240,437.03000000,0.00019300,1.05000000
FIROETH,0.00283800,128.08000000,0.00285700,19.44000000
FIROUSDT,7.47100000,8.08400000,7.49000000,0.95600000
BETHETH,0.91340000,577.55910000,0.91350000,0.50870000
DOGEEUR,0.29142000,388.70000000,0.29161000,12232.60000000
DOGETRY,2.99320000,35622.00000000,2.99490000,32012.00000000
DOGEAUD,0.45890000,39812.80000000,0.46044000,55858.10000000
DOGEBRL,1.90370000,27000.00000000,1.90820000,4093.11000000
DOTNGN,0.00000000,0.00000000,34592.00000000,0.03864000
PROSETH,0.00068300,7.33000000,0.00068600,20524.27000000
LITBTC,0.00008700,1299.60000000,0.00008758,438.70000000
LITBUSD,3.38810000,101.97000000,3.39740000,4.12000000
LITUSDT,3.38480000,43.70000000,3.39360000,43.70000000
BTCVAI,41696.96000000,0.00400000,41979.59000000,0.00050000
BUSDVAI,1.07950000,143.35000000,1.08050000,10.00000000
SFPBTC,0.00002663,315.00000000,0.00002681,240.00000000
SFPBUSD,1.03430000,120.00000000,1.03970000,13.50000000
SFPUSDT,1.03450000,2101.09000000,1.03690000,172.57000000
DOGEGBP,0.25075000,340.80000000,0.25099000,7349.40000000
DOTTRY,192.50000000,0.09000000,193.30000000,54.13000000
FXSBTC,0.00005710,1510.08000000,0.00005720,1.24000000
FXSBUSD,2.22500000,20.89400000,2.23500000,25.47100000
DODOBTC,0.00003353,123.00000000,0.00003361,200.00000000
DODOBUSD,1.30300000,11356.55900000,1.30800000,68.80700000
DODOUSDT,1.30200000,2401.44400000,1.30400000,209.79700000
FRONTBTC,0.00002999,826.20000000,0.00003012,524.00000000
EASYBTC,0.00000000,0.00000000,0.00000000,0.00000000
CAKEBTC,0.00045660,81.77000000,0.00045740,24.00000000
CAKEUSDT,17.70400000,94.68600000,17.71800000,45.13900000
BAKEBUSD,3.36070000,141.80000000,3.37260000,1070.00000000
UFTETH,0.00034970,2200.00000000,0.00035360,0.01000000
UFTBUSD,0.93000000,42397.62000000,0.93800000,112.52000000
1INCHBUSD,2.90760000,11.65000000,2.91130000,298.79000000
BANDBUSD,8.10200000,66.11200000,8.14000000,43.00300000
GRTBUSD,0.82370000,325.49000000,0.82770000,551.95000000
IOSTBUSD,0.03300000,5000.00000000,0.03312000,423.40000000
OMGBUSD,6.41050000,730.63000000,6.43560000,1275.03000000
REEFBUSD,0.02527000,553.50000000,0.02532000,1087.60000000
ACMBTC,0.00020410,182.28000000,0.00020520,0.98000000
ACMBUSD,7.90500000,1.86300000,7.98900000,1.64000000
ACMUSDT,7.92800000,6.47700000,7.97000000,28.47100000
AUCTIONBTC,0.00061600,2.14000000,0.00062000,0.94000000
AUCTIONBUSD,23.90300000,28.82500000,24.10800000,40.85700000
PHABTC,0.00001662,2003.00000000,0.00001668,234.00000000
PHABUSD,0.64550000,520.95000000,0.64700000,98.58000000
DOTGBP,16.10300000,859.19000000,16.15400000,27.37700000
ADATRY,13.08100000,12437.37000000,13.09900000,20140.74000000
ADABRL,8.32600000,5700.00000000,8.35000000,770.06000000
ADAGBP,1.09690000,76.72000000,1.09820000,9590.76000000
TVKBTC,0.00000426,62203.00000000,0.00000428,8276.00000000
TVKBUSD,0.16520000,295.67000000,0.16550000,4241.82000000
BADGERBTC,0.00031880,13.21000000,0.00032020,12.62000000
BADGERBUSD,12.33800000,49.43000000,12.47700000,11.12800000
BADGERUSDT,12.34500000,59.74300000,12.37300000,2.29700000
FISBTC,0.00003906,837.20000000,0.00003927,6.40000000
FISBUSD,1.52000000,9.15000000,1.54100000,2511.22300000
FISUSDT,1.51900000,31.78700000,1.52500000,499.40700000
DOTBRL,122.49000000,54.43000000,122.76000000,112.70000000
ADAAUD,2.00800000,8139.00800000,2.01100000,20.54700000
HOTTRY,0.06325000,55000.00000000,0.06343000,300000.00000000
EGLDEUR,84.38000000,0.55487000,84.80000000,97.35104000
OMBTC,0.00000475,4239.00000000,0.00000476,42.00000000
OMBUSD,0.18340000,1862.73000000,0.18560000,18365.92000000
OMUSDT,0.18420000,4479.50000000,0.18450000,5435.70000000
PONDBTC,0.00000175,75382.00000000,0.00000177,120636.00000000
PONDBUSD,0.06810000,6899.13000000,0.06870000,11406.63000000
PONDUSDT,0.06830000,41754.02000000,0.06840000,6674.12000000
DEGOBTC,0.00015900,173.52000000,0.00015970,2.61000000
DEGOBUSD,6.16100000,92.19700000,6.20300000,570.27000000
DEGOUSDT,6.17500000,8.02100000,6.18900000,47.31000000
AVAXEUR,16.21800000,120.52600000,16.29900000,142.82400000
BTTTRY,0.03166000,225833.00000000,0.03171000,70524.00000000
CHZBRL,1.34900000,4899.32000000,1.35200000,1736.83000000
UNIEUR,20.09300000,352.77500000,20.17300000,242.94200000
ALICEBTC,0.00015354,318.30000000,0.00015413,69.20000000
ALICEBUSD,5.96100000,15.09000000,5.99700000,419.47000000
ALICEUSDT,5.95710000,59.23000000,5.96830000,171.54000000
CHZBUSD,0.25050000,6221.30000000,0.25090000,55.83000000
CHZEUR,0.20630000,325.15000000,0.20650000,533.81000000
CHZGBP,0.17760000,328.74000000,0.17780000,1586.19000000
BIFIBNB,2.36900000,0.14000000,2.38100000,0.14000000
BIFIBUSD,802.80000000,0.11526000,810.21000000,0.16950000
LINABTC,0.00000114,321817.00000000,0.00000115,658875.00000000
LINABUSD,0.04440000,6500.00000000,0.04450000,12510.11000000
LINAUSDT,0.04430000,585872.11000000,0.04440000,56044.42000000
ADARUB,115.00000000,1519.64000000,115.24000000,454.54000000
ENJBRL,6.66500000,915.90000000,6.70600000,1825.15000000
ENJEUR,1.02000000,6643.75900000,1.02300000,19563.86200000
MATICEUR,1.47760000,13142.76000000,1.48120000,15295.32000000
NEOTRY,439.30000000,58.68000000,440.80000000,113.46000000
PERPBTC,0.00026870,70.38000000,0.00026930,42.64000000
PERPBUSD,10.42800000,41.34000000,10.47000000,46.11900000
PERPUSDT,10.42700000,54.93300000,10.45100000,54.93300000
RAMPBTC,0.00000509,40000.00000000,0.00000511,9992.00000000
RAMPBUSD,0.19730000,70.85000000,0.19800000,26000.00000000
RAMPUSDT,0.19750000,506.32000000,0.19760000,51.09000000
SUPERBTC,0.00001844,538.80000000,0.00001858,631.10000000
SUPERBUSD,0.71700000,210.32600000,0.72300000,121.46100000
SUPERUSDT,0.71700000,371.81400000,0.71900000,3755.52200000
CFXBTC,0.00000970,1379.40000000,0.00000979,2774.70000000
CFXBUSD,0.37600000,3418.76800000,0.37900000,200.00000000
CFXUSDT,0.37700000,4598.24100000,0.37900000,4026.38600000
ENJGBP,0.87630000,227.70000000,0.87980000,223.91000000
EOSTRY,45.50000000,242.17000000,45.61000000,122.56000000
LTCGBP,127.06000000,6.22843000,127.55000000,15.26570000
LUNAEUR,5.83200000,0.09300000,5.84400000,1700.00000000
RVNTRY,0.67000000,142303.07000000,0.67200000,5043.45000000
THETAEUR,5.44400000,71.69800000,5.46300000,149.65900000
XVGBUSD,0.02621000,530.40000000,0.02622000,0.50000000
EPSBTC,0.00002015,187.10000000,0.00002018,19.80000000
EPSBUSD,0.78100000,17.90200000,0.78400000,700.00000000
EPSUSDT,0.78200000,264.45100000,0.78300000,254.64600000
AUTOBTC,0.03660000,0.07420000,0.03688000,0.15790000
AUTOBUSD,1420.07000000,0.05000000,1437.05000000,0.62576400
AUTOUSDT,1413.59000000,0.39248600,1428.79000000,0.02109400
TKOBTC,0.00004252,29.00000000,0.00004253,7.00000000
TKOBIDR,24400.00,27.00000000,24461.20,649.00000000
TKOBUSD,1.64510000,8.49000000,1.65230000,12.94000000
TKOUSDT,1.64690000,102.24000000,1.64930000,685.89000000
PUNDIXETH,0.00063300,150.84000000,0.00063700,618.00000000
PUNDIXUSDT,1.66400000,438.00000000,1.66700000,730.81000000
BTTBRL,0.02013000,2118.20000000,0.02023000,42183.00000000
BTTEUR,0.00308600,67690.00000000,0.00309100,13862.00000000
HOTEUR,0.00616000,1155933.10000000,0.00618000,678016.10000000
WINEUR,0.00043200,3600347.00000000,0.00043400,2264775.00000000
TLMBTC,0.00000441,1604.80000000,0.00000443,222.90000000
TLMBUSD,0.17110000,170.96000000,0.17190000,419.38000000
TLMUSDT,0.17080000,138.82000000,0.17150000,262.28000000
1INCHUPUSDT,0.08277100,181.22000000,0.08295400,1543.02000000
1INCHDOWNUSDT,1.85000000,2111.03000000,1.86300000,1954.89000000
BTGBUSD,60.18200000,0.23000000,61.24300000,0.76300000
BTGUSDT,60.61100000,1.82500000,60.99500000,0.19400000
HOTBUSD,0.00747000,145201.40000000,0.00750000,1869.10000000
BNBUAH,9486.60000000,1.39964000,9538.70000000,31.35949000
ONTTRY,9.41000000,1267.99000000,9.43000000,179.82000000
VETEUR,0.09250000,62848.94000000,0.09270000,87749.31000000
VETGBP,0.07950000,14000.00000000,0.07980000,34757.46000000
WINBRL,0.00282300,358644.00000000,0.00284500,113869.00000000
MIRBTC,0.00010840,135.52000000,0.00010870,118.68000000
MIRBUSD,4.21200000,3.32100000,4.21800000,246.91900000
MIRUSDT,4.20400000,131.06600000,4.20900000,241.48200000
BARBTC,0.00039300,127.21000000,0.00039480,4.72000000
BARBUSD,15.25200000,5.00000000,15.32400000,5.00000000
BARUSDT,15.23500000,7.41100000,15.28500000,2.79200000
FORTHBTC,0.00047990,15.10000000,0.00048360,0.42000000
FORTHBUSD,18.58900000,0.75000000,18.72300000,1.09400000
FORTHUSDT,18.64000000,22.75800000,18.69400000,5.77300000
CAKEGBP,12.55700000,3.90000000,12.57700000,1.95700000
DOGERUB,26.26700000,1219.40000000,26.36300000,500.00000000
HOTBRL,0.04020000,12437.00000000,0.04050000,30823.00000000
WRXEUR,1.29800000,137.30000000,1.30900000,5000.00000000
EZBTC,0.00013350,3.07000000,0.00013400,62.57000000
EZETH,0.00197200,3.83000000,0.00199300,6.12000000
BAKEUSDT,3.35760000,50.50000000,3.36030000,61.80000000
BURGERBUSD,6.37000000,2.10000000,6.39000000,200.00000000
BURGERUSDT,6.37000000,33.50000000,6.38000000,40.50000000
SLPBUSD,0.11300000,435.00000000,0.11420000,195.00000000
SLPUSDT,0.11280000,113.00000000,0.11330000,966.00000000
TRXAUD,0.09770000,4655.00000000,0.09800000,3907.00000000
TRXEUR,0.06200000,5804.00000000,0.06210000,155103.00000000
VETTRY,0.95000000,11423.50000000,0.95400000,15066.70000000
SHIBUSDT,0.00001060,2710819215.00,0.00001061,764967658.00
SHIBBUSD,0.00001061,3264119128.00,0.00001063,435332355.00
ICPBTC,0.00375500,12.49000000,0.00376200,0.85000000
ICPBNB,0.42710000,0.77000000,0.42820000,1.77000000
ICPBUSD,145.91000000,2.07000000,146.11000000,0.61000000
ICPUSDT,145.70000000,31.48000000,145.73000000,8.94000000
BTCGYEN,0.00000000,0.00000000,0.00000000,0.00000000
USDTGYEN,0.00000000,0.00000000,0.00000000,0.00000000
SHIBEUR,0.00000873,101729738.00,0.00000875,11558470.00
SHIBRUB,0.00078600,12449564.00,0.00079100,9254556.00
ETCEUR,59.93100000,9.20600000,60.14300000,7.43800000
ETCBRL,390.51000000,5.78000000,394.02000000,4.07000000
DOGEBIDR,5216.40,1993.00000000,5242.74,2269.00000000
ARBTC,0.00037790,100.00000000,0.00038130,3.75000000
ARBNB,0.04301000,29.73000000,0.04386000,3.00000000
ARBUSD,14.63700000,20.57000000,15.07900000,10.62000000
ARUSDT,14.71500000,57.99000000,14.81000000,8.36000000
POLSBTC,0.00005209,6.50000000,0.00005219,6.50000000
POLSBNB,0.00586900,21.20000000,0.00595600,90.08000000
POLSBUSD,2.02200000,42.98000000,2.03800000,43.94000000
POLSUSDT,2.01400000,14.92000000,2.02700000,77.28000000
MDXBTC,0.00005173,354.17000000,0.00005231,78.89000000
MDXBNB,0.00586800,75.74000000,0.00601500,25.72000000
MDXBUSD,2.00550000,10.11000000,2.01460000,45.94000000
MDXUSDT,2.00510000,90.73000000,2.01300000,9631.85000000
